<?xml version="1.0"?>
<!-- Fingerprints database                                                              -->
<!-- This file has been created with ConTEXT (http://www.fixedsys.com/context/)         -->
<!-- Is is recommended to be edited with the same tool                                  -->
<!--                                                                                    -->
<!-- Terms of use of info provided herein:                                              -->
<!-- Give credit where credit is due, you want to use the info provided here, give me   -->
<!-- and my program credit somewhere in your documentation, with a link to my website   -->
<!-- Also, drop me an email and let me know you are going to use it                     -->
<!--                                                                                    -->
<!-- Some fingerprints are from www.packetfence.org project, check it out!              -->
<!--                                                                                    -->
<DHCP created="August 21, 2005" last_updated="September 11, 2008" author="xnih@cableone.net">
      <fingerprints>
	 <fingerprint os="Windows Vista" os_class="Windows" os_url="http://www.microsoft.com" comments="" author="xnih@cableone.net" lastmodified="September 29, 2007">
		 <tests>
			 <test weight="4" matchtype="exact" dhcpttl="128" dhcptype="Discover" dhcpoptions="53,116,61,12,60,55"/>
			 <test weight="4" matchtype="exact" dhcpttl="128" dhcptype="Discover" dhcpoptions="53,116,61,12,60,55,43"/>
			 <test weight="5" matchtype="exact" dhcpttl="128" dhcptype="Discover" dhcpoption55="1,15,3,6,44,46,47,31,33,121,249,43"/>
			 <test weight="1" matchtype="exact" dhcpttl="128" dhcptype="Discover" dhcpvendorcode="MSFT 5.0"/>
			 <test weight="4" matchtype="exact" dhcpttl="128" dhcptype="Inform" dhcpoptions="53,61,12,60,55,43"/>
			 <test weight="4" matchtype="exact" dhcpttl="128" dhcptype="Inform" dhcpoptions="53,61,12,60,55"/>
			 <test weight="5" matchtype="exact" dhcpttl="128" dhcptype="Inform" dhcpoption55="1,15,3,6,44,46,47,31,33,121,249,43,252"/>
			 <test weight="5" matchtype="exact" dhcpttl="128" dhcptype="Inform" dhcpoption55="1,15,3,6,44,46,47,31,33,249,43,252"/>
			 <test weight="1" matchtype="exact" dhcpttl="128" dhcptype="Inform" dhcpvendorcode="MSFT 5.0"/>
			 <test weight="4" matchtype="exact" dhcpttl="128" dhcptype="Request" dhcpoptions="53,61,50,12,81,60,55"/>
			 <test weight="4" matchtype="exact" dhcpttl="128" dhcptype="Request" dhcpoptions="53,61,50,54,12,81,60,55"/>
			 <test weight="4" matchtype="exact" dhcpttl="128" dhcptype="Request" dhcpoptions="53,61,50,54,12,81,60,55,43"/>
			 <test weight="5" matchtype="exact" dhcpttl="128" dhcptype="Request" dhcpoption55="1,15,3,6,44,46,47,31,33,121,249,43"/>
			 <test weight="1" matchtype="exact" dhcpttl="128" dhcptype="Request" dhcpvendorcode="MSFT 5.0"/>
		 </tests>
	</fingerprint>
	 <fingerprint os="Windows 2003" os_class="Windows" os_url="http://www.microsoft.com" comments="" author="xnih@cableone.net" lastmodified="September 4, 2006">
		 <tests>
			 <test weight="4" matchtype="exact" dhcptype="Inform" dhcpoptions="53,61,12,60,55"/>
			 <test weight="5" matchtype="exact" dhcptype="Inform" dhcpoption55="1,15,3,6,44,46,47,31,33,249,43"/>
			 <test weight="1" matchtype="exact" dhcptype="Inform" dhcpvendorcode="MSFT 5.0"/>
			 <test weight="4" matchtype="exact" dhcptype="Request" dhcpoptions="53,61,12,81,60,55"/>
			 <test weight="4" matchtype="exact" dhcptype="Request" dhcpoptions="53,77,61,50,12,60,55"/>
			 <test weight="5" matchtype="exact" dhcptype="Request" dhcpoption55="1,15,3,6,44,46,47,31,33,249,43"/>
			 <test weight="1" matchtype="exact" dhcptype="Request" dhcpvendorcode="MSFT 5.0"/>
		 </tests>
	</fingerprint>
        <fingerprint os="Windows XP" os_class="Windows" os_url="http://www.microsoft.com" comments="" author="xnih@cableone.net" lastmodified="November 1, 2008">
		 <tests>
			 <test weight="4" matchtype="exact" dhcpttl="128" dhcptype="Decline" dhcpoptions="53,61,50,54"/>
			 <test weight="4" matchtype="exact" dhcpttl="128" dhcptype="Discover" dhcpoptions="53,12,55"/>
			 <test weight="4" matchtype="exact" dhcpttl="128" dhcptype="Discover" dhcpoptions="53,77,116,61,12,60,55"/>
			 <test weight="4" matchtype="exact" dhcpttl="128" dhcptype="Discover" dhcpoptions="53,116,61,12,60,55"/>
			 <test weight="4" matchtype="exact" dhcpttl="128" dhcptype="Discover" dhcpoptions="53,116,61,50,12,60,55"/>
			 <test weight="5" matchtype="exact" dhcpttl="128" dhcptype="Discover" dhcpoption55="1,15,3,6,44,46,47,31,33,249,43"/>
			 <test weight="1" matchtype="exact" dhcpttl="128" dhcptype="Discover" dhcpvendorcode="MSFT 5.0"/>
			 <test weight="4" matchtype="exact" dhcpttl="128" dhcptype="Inform" dhcpoptions="53,61,12,60,55"/>
			 <test weight="4" matchtype="exact" dhcpttl="128" dhcptype="Inform" dhcpoptions="53,61,12,60,55,43"/>
			 <test weight="5" matchtype="exact" dhcpttl="128" dhcptype="Inform" dhcpoption55="1,15,3,6,44,46,47,31,33,249,43,252"/>
			 <test weight="5" matchtype="exact" dhcpttl="128" dhcptype="Inform" dhcpoption55="1,15,3,6,44,46,47,31,33,249,43,252,12"/>
			 <test weight="1" matchtype="exact" dhcpttl="128" dhcptype="Inform" dhcpvendorcode="MSFT 5.0"/>
			 <test weight="4" matchtype="exact" dhcpttl="128" dhcptype="Request" dhcpoptions="53,54,50,12,55"/>
			 <test weight="4" matchtype="exact" dhcpttl="128" dhcptype="Request" dhcpoptions="53,61,12,60,55"/>
			 <test weight="4" matchtype="exact" dhcpttl="128" dhcptype="Request" dhcpoptions="53,61,12,81,60,55"/>
			 <test weight="4" matchtype="exact" dhcpttl="128" dhcptype="Request" dhcpoptions="53,61,50,12,60,55"/>
			 <test weight="4" matchtype="exact" dhcpttl="128" dhcptype="Request" dhcpoptions="53,61,50,12,81,60,55"/>
			 <test weight="5" matchtype="exact" dhcpttl="128" dhcptype="Request" dhcpoptions="53,61,50,54,12,60,55"/>
			 <test weight="4" matchtype="exact" dhcpttl="128" dhcptype="Request" dhcpoptions="53,61,50,54,12,81,60,55"/>
			 <test weight="4" matchtype="exact" dhcpttl="128" dhcptype="Request" dhcpoptions="53,77,61,50,12,60,55"/>
			 <test weight="4" matchtype="exact" dhcpttl="128" dhcptype="Request" dhcpoptions="53,77,61,50,54,12,60,55"/>
			 <test weight="5" matchtype="exact" dhcpttl="128" dhcptype="Request" dhcpoption55="1,15,3,6,44,46,47,31,33,249,43"/>
			 <test weight="1" matchtype="exact" dhcpttl="128" dhcptype="Request" dhcpvendorcode="MSFT 5.0"/>
		 </tests>
	 </fingerprint>
        <fingerprint os="Windows XP SP3" os_class="Windows" os_url="http://www.microsoft.com" comments="" author="xnih@cableone.net" lastmodified="November 22, 2008">
		 <tests>
			 <test weight="4" matchtype="exact" dhcpttl="128" dhcptype="Discover" dhcpoptions="53,116,61,50,12,60,55,43"/>
			 <test weight="5" matchtype="exact" dhcpttl="128" dhcptype="Discover" dhcpoption55="1,15,3,6,44,46,47,31,33,249,43"/>
			 <test weight="1" matchtype="exact" dhcpttl="128" dhcptype="Discover" dhcpvendorcode="MSFT 5.0"/>
			 <test weight="4" matchtype="exact" dhcpttl="128" dhcptype="Request" dhcpoptions="53,61,12,81,60,55,43"/>
			 <test weight="4" matchtype="exact" dhcpttl="128" dhcptype="Request" dhcpoptions="53,61,50,12,81,60,55,43"/>
			 <test weight="5" matchtype="exact" dhcpttl="128" dhcptype="Request" dhcpoption55="1,15,3,6,44,46,47,31,33,249,43"/>
			 <test weight="1" matchtype="exact" dhcpttl="128" dhcptype="Request" dhcpvendorcode="MSFT 5.0"/>
			 <test weight="4" matchtype="exact" dhcpttl="128" dhcptype="Inform" dhcpoptions="53,61,12,60,55"/>
			 <test weight="4" matchtype="exact" dhcpttl="128" dhcptype="Inform" dhcpoptions="53,61,12,60,55,43"/>
			 <test weight="5" matchtype="exact" dhcpttl="128" dhcptype="Inform" dhcpoption55="1,15,3,6,44,46,47,31,33,249,43,252"/>
			 <test weight="1" matchtype="exact" dhcpttl="128" dhcptype="Inform" dhcpvendorcode="MSFT 5.0"/>
		 </tests>
	 </fingerprint>
	 <fingerprint os="Windows 2000" os_class="Windows" os_url="http://www.microsoft.com" comments="" author="xnih@cableone.net" lastmodified="September 28, 2006">
		 <tests>
			 <test weight="4" matchtype="exact" dhcpttl="128" dhcptype="Discover" dhcpoptions="53,77,251,61,12,60,55"/>
			 <test weight="4" matchtype="exact" dhcpttl="128" dhcptype="Discover" dhcpoptions="53,251,61,12,60,55"/>
			 <test weight="4" matchtype="exact" dhcpttl="128" dhcptype="Discover" dhcpoptions="53,251,61,50,12,60,55"/>
			 <test weight="5" matchtype="exact" dhcpttl="128" dhcptype="Discover" dhcpoption55="1,15,3,6,44,46,47,31,33,43"/>
			 <test weight="4" matchtype="exact" dhcpttl="128" dhcptype="Inform" dhcpoptions="53,61,12,60,55"/>
			 <test weight="5" matchtype="exact" dhcpttl="128" dhcptype="Inform" dhcpoption55="1,15,3,6,44,46,47,31,33,43,252"/>
			 <test weight="5" matchtype="exact" dhcpttl="128" dhcptype="Inform" dhcpoption55="1,15,3,6,44,46,47,31,33,43,252,12"/>
			 <test weight="1" matchtype="exact" dhcpttl="128" dhcptype="Inform" dhcpvendorcode="MSFT 5.0"/>
			 <test weight="4" matchtype="exact" dhcpttl="128" dhcptype="Request" dhcpoptions="53,61,12,81,60,55"/>
			 <test weight="3" matchtype="exact" dhcpttl="128" dhcptype="Request" dhcpoptions="53,61,50,12,60,55"/>
			 <test weight="3" matchtype="exact" dhcpttl="128" dhcptype="Request" dhcpoptions="53,61,50,12,81,60,55"/>
			 <test weight="3" matchtype="exact" dhcpttl="128" dhcptype="Request" dhcpoptions="53,61,50,54,12,81,60,55"/>
			 <test weight="5" matchtype="exact" dhcpttl="128" dhcptype="Request" dhcpoption55="1,15,3,6,44,46,47,31,33,43"/>
			 <test weight="1" matchtype="exact" dhcpttl="128" dhcptype="Request" dhcpvendorcode="MSFT 5.0"/>
			 <test weight="5" matchtype="exact" dhcpoption55="15,3,6,44,46,47,31,33,43"/>
			 <test weight="5" matchtype="exact" dhcpoption55="15,3,6,44,46,47,31,33,43,252"/>
		 </tests>
	 </fingerprint>
	 <fingerprint os="Windows NT 4" os_class="Windows" os_url="http://www.microsoft.com" comments="" author="xnih@cableone.net" lastmodified="August 25, 2006">
		 <tests>
			 <test weight="4" matchtype="exact" dhcptype="Discover" dhcpoptions="53,61,50,12,55"/>
			 <test weight="5" matchtype="exact" dhcptype="Discover" dhcpoption55="1,15,3,44,46,47,6"/>
			 <test weight="4" matchtype="exact" dhcptype="Request" dhcpoptions="53,61,12,55"/>
			 <test weight="4" matchtype="exact" dhcptype="Request" dhcpoptions="53,61,50,12,55"/>
			 <test weight="4" matchtype="exact" dhcptype="Request" dhcpoptions="53,61,50,54,12,55"/>
			 <test weight="5" matchtype="exact" dhcptype="Request" dhcpoption55="1,15,3,44,46,47,6"/>
			 <test weight="5" matchtype="exact" dhcpoption55="1,2,3,6,12,15,26,28,85,86,87,88,44,45,46,47,70,69,78,79"/>
			 <test weight="4" matchtype="exact" dhcpoptions="53,12,51,50,81,116,57,55"/>
			 <test weight="4" matchtype="exact" dhcpoptions="53,12,50,54,81,116,57,55"/>
		 </tests>
	 </fingerprint>
	 <fingerprint os="Windows ME" os_class="Windows" os_url="http://www.microsoft.com" comments="" author="xnih@cableone.net" lastmodified="September 7, 2006">
		 <tests>
			 <test weight="5" matchtype="exact" dhcpttl="128" dhcptype="Discover" dhcpoptions="53,251,61,50,12,60,55"/>
			 <test weight="5" matchtype="exact" dhcpttl="128" dhcptype="Discover" dhcpoption55="1,15,3,6,44,46,47,31,33,43,77"/>
			 <test weight="2" matchtype="exact" dhcpttl="128" dhcptype="Discover" dhcpvendorcode="MSFT 98"/>
			 <test weight="5" matchtype="exact" dhcpttl="128" dhcptype="Request" dhcpoptions="53,61,50,54,12,60,55"/>
			 <test weight="5" matchtype="exact" dhcpttl="128" dhcptype="Request" dhcpoptions="53,61,50,12,60,55"/>
			 <test weight="5" matchtype="exact" dhcpttl="128" dhcptype="Request" dhcpoption55="1,15,3,6,44,46,47,31,33,43,77"/>
			 <test weight="2" matchtype="exact" dhcpttl="128" dhcptype="Request" dhcpvendorcode="MSFT 98"/>
			 <test weight="5" matchtype="exact" dhcpoption55="1,15,3,6,44,46,47,31,33,43,77"/>
			 <test weight="5" matchtype="exact" dhcpoption55="15,3,6,44,46,47,31,33,43,77"/>
		 </tests>
	 </fingerprint>
	 <fingerprint os="Windows 98 SE" os_class="Windows" os_url="http://www.microsoft.com" comments="" author="xnih@cableone.net" lastmodified="September 2, 2006">
		 <tests>
			 <test weight="5" matchtype="exact" dhcptype="Discover" dhcpoptions="53,61,50,12,60,55"/>
			 <test weight="5" matchtype="exact" dhcptype="Discover" dhcpoptions="53,61,50,54,12,81,60,55"/>
			 <test weight="5" matchtype="exact" dhcptype="Discover" dhcpoption55="1,15,3,6,44,46,47,43,77"/>
			 <test weight="2" matchtype="exact" dhcptype="Discover" dhcpvendorcode="MSFT 98"/>
			 <test weight="2" matchtype="exact" dhcptype="Request" dhcpoptions="53,61,50,12,81,60,55"/>
			 <test weight="5" matchtype="exact" dhcptype="Request" dhcpoptions="53,61,50,54,12,81,60,55"/>
			 <test weight="2" matchtype="exact" dhcptype="Request" dhcpoptions="53,61,12,81,60,55"/>
			 <test weight="5" matchtype="exact" dhcptype="Request" dhcpoption55="1,15,3,6,44,46,47,43,77"/>
			 <test weight="2" matchtype="exact" dhcptype="Request" dhcpvendorcode="MSFT 98"/>
			 <test weight="5" matchtype="exact" dhcpoption55="1,15,3,6,44,46,47,43,77,252"/>
			 <test weight="5" matchtype="exact" dhcpoption55="15,3,6,44,46,47,43,77,252"/>
			 <test weight="5" matchtype="exact" dhcpoption55="15,3,6,44,46,47,43,77"/>
		 </tests>
	 </fingerprint>
	 <fingerprint os="Windows 98" os_class="Windows" os_url="http://www.microsoft.com" comments="" author="xnih@cableone.net" lastmodified="September 4, 2006">
		 <tests>
			 <test weight="5" matchtype="exact" dhcptype="Discover" dhcpoptions="53,61,12,55"/>
			 <test weight="5" matchtype="exact" dhcptype="Discover" dhcpoptions="53,61,50,54,12,55"/>
			 <test weight="5" matchtype="exact" dhcptype="Discover" dhcpoptions="53,61,50,12,55"/>
			 <test weight="5" matchtype="exact" dhcptype="Discover" dhcpoption55="1,3,6,15,44,46,47,57"/>
			 <test weight="5" matchtype="exact" dhcptype="Request" dhcpoptions="53,61,12,55"/>
			 <test weight="5" matchtype="exact" dhcptype="Request" dhcpoptions="53,61,50,54,12,55"/>
			 <test weight="5" matchtype="exact" dhcptype="Request" dhcpoptions="53,61,50,12,55"/>
			 <test weight="5" matchtype="exact" dhcptype="Request" dhcpoption55="1,3,6,15,44,46,47,57"/>
		 </tests>
	 </fingerprint>
	 <fingerprint os="Windows 95b" os_class="Windows" os_url="http://www.microsoft.com" comments="" author="xnih@cableone.net" lastmodified="August 24, 2006">
		 <tests>
			 <test weight="5" matchtype="exact" dhcptype="Discover" dhcpoptions="53,61,50,12"/>
			 <test weight="5" matchtype="exact" dhcptype="Request" dhcpoptions="53,61,50,12,55,43"/>
			 <test weight="5" matchtype="exact" dhcptype="Request" dhcpoptions="53,61,50,54,12,55,43"/>
			 <test weight="5" matchtype="exact" dhcptype="Request" dhcpoptions="53,61,12,55,43"/>
			 <test weight="5" matchtype="exact" dhcptype="Request" dhcpoption55="1,3,15,6,44,46,47"/>
		 </tests>
	 </fingerprint>
	 <fingerprint os="Windows 95" os_class="Windows" os_url="http://www.microsoft.com" comments="" author="xnih@cableone.net" lastmodified="August 24, 2006">
		 <tests>
			 <test weight="5" matchtype="exact" dhcptype="Discover" dhcpoptions="53,61,12"/>
			 <test weight="5" matchtype="exact" dhcptype="Request" dhcpoptions="53,61,50,54,12,55,43"/>
			 <test weight="5" matchtype="exact" dhcptype="Request" dhcpoptions="53,61,50,12,55,43"/>
			 <test weight="5" matchtype="exact" dhcptype="Request" dhcpoption55="1,3,15,6,44,46,47"/>
		 </tests>
	 </fingerprint>
	 <fingerprint os="Windows" os_class="Windows" os_url="http://www.microsoft.com" comments="" author="xnih@cableone.net" lastmodified="August 24, 2006">
		 <tests>
			 <test weight="1" matchtype="exact" dhcptype="Release" dhcpoptions="53,54,61"/>
		 </tests>
	 </fingerprint>
	 <fingerprint os="BeOS 4.x" os_class="BeOS" os_url="http://www.beos.com" comments="" author="xnih@cableone.net" lastmodified="August 24, 2006">
		 <tests>
			 <test weight="4" matchtype="exact" dhcptype="Discover" dhcpoptions="53,55"/>
			 <test weight="5" matchtype="exact" dhcptype="Discover" dhcpoption55="1,3,6,15,12"/>
			 <test weight="4" matchtype="exact" dhcptype="Request" dhcpoptions="53,54,50,55"/>
			 <test weight="5" matchtype="exact" dhcptype="Request" dhcpoption55="1,3,6,15,12"/>
		 </tests>
	 </fingerprint>
	 <fingerprint os="BeOS 5.0" os_class="BeOS" os_url="http://www.beos.com" comments="" author="xnih@cableone.net" lastmodified="July 8, 2006">
		 <tests>
			 <test weight="1" matchtype="exact" dhcptype="Discover" dhcpoptions="53,55,61"/>
			 <test weight="5" matchtype="exact" dhcptype="Discover" dhcpoption55="1,3,6,15,12,19"/>
			 <test weight="4" matchtype="exact" dhcptype="Request" dhcpoptions="53,54,50,55,61"/>
			 <test weight="5" matchtype="exact" dhcptype="Request" dhcpoption55="1,3,6,15,12,19"/>
		 </tests>
	 </fingerprint>
	 <fingerprint os="Mac OS 9.1" os_class="Macintosh" os_url="http://www.apple.com" comments="" author="xnih@cableone.net" lastmodified="September 23, 2008">
		 <tests>
			 <test weight="10" matchtype="partial" dhcpttl="255" dhcptype="Discover" dhcpvendorcode="Mac OS 9.1"/>
			 <test weight="10" matchtype="partial" dhcpttl="255" dhcptype="Request" dhcpvendorcode="Mac OS 9.1"/>
		 </tests>
	 </fingerprint>
	 <fingerprint os="Mac OS 9.2" os_class="Macintosh" os_url="http://www.apple.com" comments="" author="xnih@cableone.net" lastmodified="September 23, 2008">
		 <tests>
			 <test weight="10" matchtype="partial" dhcpttl="255" dhcptype="Discover" dhcpvendorcode="Mac OS 9.2"/>
			 <test weight="10" matchtype="partial" dhcpttl="255" dhcptype="Request" dhcpvendorcode="Mac OS 9.2"/>
		 </tests>
	 </fingerprint>
	 <fingerprint os="Mac OS 9.x" os_class="Macintosh" os_url="http://www.apple.com" comments="" author="xnih@cableone.net" lastmodified="September 23, 2008">
		 <tests>
			 <test weight="5" matchtype="exact" dhcpttl="255" dhcptype="Discover" dhcpoptions="53,55,57,51,61,60"/>
			 <test weight="5" matchtype="exact" dhcpttl="255" dhcptype="Discover" dhcpoptions="53,55,57,51,61,60,12"/>
			 <test weight="5" matchtype="exact" dhcpttl="255" dhcptype="Discover" dhcpoption55="1,3,6,15,33,42,44,45,46,47,69,70,71,74,78,79"/>
			 <test weight="5" matchtype="exact" dhcpttl="255" dhcptype="Request" dhcpoptions="53,50,55,57,61,60"/>
			 <test weight="5" matchtype="exact" dhcpttl="255" dhcptype="Request" dhcpoptions="53,50,55,57,61,60,12"/>
			 <test weight="5" matchtype="exact" dhcpttl="255" dhcptype="Request" dhcpoptions="53,54,50,55,57,61,60"/>
			 <test weight="5" matchtype="exact" dhcpttl="255" dhcptype="Request" dhcpoptions="53,54,50,55,57,61,60,12"/>
			 <test weight="5" matchtype="exact" dhcpttl="255" dhcptype="Request" dhcpoption55="1,3,6,15,33,42,44,45,46,47,69,70,71,74,78,79"/>
		 </tests>
	 </fingerprint>
	 <fingerprint os="MacOS X" os_class="Macintosh" os_url="http://www.apple.com" comments="" author="xnih@cableone.net" lastmodified="September 23, 2008">
		 <tests>
			 <test weight="5" matchtype="exact" dhcpttl="255" dhcptype="Discover" dhcpoptions="53,55,57,61,51"/>
			 <test weight="5" matchtype="exact" dhcpttl="255" dhcptype="Discover" dhcpoptions="53,55,57,61,51,12"/>
			 <test weight="5" matchtype="exact" dhcpttl="255" dhcptype="Discover" dhcpoption55="1,3,6,15,112,113,78,79,95"/>
			 <test weight="5" matchtype="exact" dhcpttl="255" dhcptype="Discover" dhcpoption55="1,3,6,15,112,113,78,79,95,252"/>
			 <test weight="5" matchtype="exact" dhcpttl="255" dhcptype="Request" dhcpoptions="53,55,57,61,50,51"/>
			 <test weight="5" matchtype="exact" dhcpttl="255" dhcptype="Request" dhcpoptions="53,55,57,61,50,51,12"/>
			 <test weight="5" matchtype="exact" dhcpttl="255" dhcptype="Request" dhcpoptions="53,55,57,61,50,54"/>
			 <test weight="5" matchtype="exact" dhcpttl="255" dhcptype="Request" dhcpoptions="53,55,57,61,50,54,12"/>
			 <test weight="5" matchtype="exact" dhcpttl="255" dhcptype="Request" dhcpoptions="53,55,57,61,51"/>
			 <test weight="5" matchtype="exact" dhcpttl="255" dhcptype="Request" dhcpoptions="53,55,57,61,51,12"/>
			 <test weight="5" matchtype="exact" dhcpttl="255" dhcptype="Request" dhcpoption55="1,3,6,15,112,113,78,79,95,252"/>
			 <test weight="5" matchtype="exact" dhcpttl="255" dhcptype="Request" dhcpoption55="1,3,6,15,112,113,78,79,95"/>
			 <test weight="1" matchtype="exact" dhcpttl="255" dhcptype="Release" dhcpoptions="53,61,54"/>
		 </tests>
	 </fingerprint>
	 <fingerprint os="Helix 2008 R1" os_class="ubuntu" os_url="http://www.e-fense.com/helix/" comments="2.6.24" author="xnih@cableone.net" lastmodified="October 3, 2008">
		 <tests>
			 <test weight="4" matchtype="exact" dhcptype="Discover" dhcpoptions="53,12,55"/>
			 <test weight="5" matchtype="exact" dhcptype="Discover" dhcpoption55="1,28,2,3,15,6,12,44,47"/>
			 <test weight="4" matchtype="exact" dhcptype="Request" dhcpoptions="53,54,50,12,55"/>
			 <test weight="5" matchtype="exact" dhcptype="Request" dhcpoption55="1,28,2,3,15,6,12,44,47"/>
		 </tests>
	 </fingerprint>
	 <fingerprint os="Lindows 4.x" os_class="Linspire" os_url="http://www.linspire.com" comments="" author="xnih@cableone.net" lastmodified="September 1, 2006">
		 <tests>
			 <test weight="4" matchtype="exact" dhcptype="Discover" dhcpoptions="53,12,55"/>
			 <test weight="5" matchtype="exact" dhcptype="Discover" dhcpoption55="1,28,2,3,15,6,12,46,44"/>
			 <test weight="4" matchtype="exact" dhcptype="Request" dhcpoptions="53,54,50,12,55"/>
			 <test weight="5" matchtype="exact" dhcptype="Request" dhcpoption55="1,28,2,3,15,6,12,46,44"/>
		 </tests>
	 </fingerprint>
	 <fingerprint os="Linspire 5.0" os_class="Linspire" os_url="http://www.linspire.com" comments="" author="xnih@cableone.net" lastmodified="September 6, 2008">
		 <tests>
			 <test weight="1" matchtype="exact" dhcptype="Release" dhcpoptions="53,54,12"/>
			 <test weight="4" matchtype="exact" dhcptype="Discover" dhcpoptions="53,12,55"/>
			 <test weight="4" matchtype="exact" dhcptype="Discover" dhcpoptions="53,50,12,55"/>
			 <test weight="5" matchtype="exact" dhcptype="Discover" dhcpoption55="1,28,2,3,15,6,12,44,47"/>
			 <test weight="4" matchtype="exact" dhcptype="Request" dhcpoptions="53,54,50,12,55"/>
			 <test weight="5" matchtype="exact" dhcptype="Request" dhcpoption55="1,28,2,3,15,6,12,44,47"/>
		 </tests>
	 </fingerprint>
	 <fingerprint os="FreeSpire 1.0 - 2.0" os_class="linux" os_url="http://www.freespire.com" comments="" author="xnih@cableone.net" lastmodified="September 6, 2008">
		 <tests>
			 <test weight="4" matchtype="exact" dhcptype="Discover" dhcpoptions="53,12,55"/>
			 <test weight="4" matchtype="exact" dhcptype="Discover" dhcpoptions="53,55"/>
			 <test weight="5" matchtype="exact" dhcptype="Discover" dhcpoption55="1,28,2,3,15,6,12,44,47"/>
			 <test weight="5" matchtype="exact" dhcptype="Discover" dhcpoption55="1,28,2,3,15,6,12,44,47,26"/>
			 <test weight="4" matchtype="exact" dhcptype="Request" dhcpoptions="53,50,12,55"/>
			 <test weight="4" matchtype="exact" dhcptype="Request" dhcpoptions="53,54,50,12,55"/>
			 <test weight="4" matchtype="exact" dhcptype="Request" dhcpoptions="53,54,50,55"/>
			 <test weight="5" matchtype="exact" dhcptype="Request" dhcpoption55="1,28,2,3,15,6,12,44,47"/>
			 <test weight="5" matchtype="exact" dhcptype="Request" dhcpoption55="1,28,2,3,15,6,12,44,47,26"/>
		 </tests>
	 </fingerprint>
	 <fingerprint os="Caldara - Open Linux 2.4" os_class="" os_url="" comments="" author="xnih@cableone.net" lastmodified="July 4, 2006">
		 <tests>
			 <test weight="4" matchtype="exact" dhcpoptions="57,53"/>
		 </tests>
	 </fingerprint>
	 <fingerprint os="Linux 2.0.x" os_class="Linux" os_url="" comments="" author="xnih@cableone.net" lastmodified="September 23, 2008">
		 <tests>
			 <test weight="5" matchtype="exact" dhcptype="Discover" dhcpoptions="53,57,55,60"/>
			 <test weight="5" matchtype="exact" dhcptype="Discover" dhcpoption55="1,3,6,12,15,28,42,40"/>
			 <test weight="10" matchtype="partial" dhcptype="Discover" dhcpvendorcode="Linux 2.0"/>
			 <test weight="5" matchtype="exact" dhcptype="Request" dhcpoptions="50,53,57,55,60"/>
			 <test weight="5" matchtype="exact" dhcptype="Request" dhcpoption55="1,3,6,12,15,28,42,40"/>
			 <test weight="10" matchtype="partial" dhcptype="Request" dhcpvendorcode="Linux 2.0"/>
		 </tests>
	 </fingerprint>
	 <fingerprint os="Linux 2.2.x" os_class="Linux" os_url="" comments="" author="xnih@cableone.net" lastmodified="September 23, 2008">
		 <tests>
			 <test weight="5" matchtype="exact" dhcptype="Discover" dhcpoptions="53,57,50,51,55,60,61"/>
			 <test weight="5" matchtype="exact" dhcptype="Discover" dhcpoptions="53,57,51,55,60,61"/>
			 <test weight="5" matchtype="exact" dhcptype="Discover" dhcpoption55="1,3,6,12,15,17,23,28,29,31,33,40,41,42"/>
			 <test weight="5" matchtype="exact" dhcptype="Discover" dhcpoption55="1,3,6,12,15,23,28,29,31,33,40,41,42"/>
			 <test weight="5" matchtype="exact" dhcptype="Discover" dhcpoption55="1,3,6,12,15,28,42,40"/>
			 <test weight="10" matchtype="partial" dhcptype="Discover" dhcpvendorcode="Linux 2.2"/>
			 <test weight="5" matchtype="exact" dhcptype="Request" dhcpoptions="53,57,50,51,55,60,61"/>
			 <test weight="5" matchtype="exact" dhcptype="Request" dhcpoption55="1,3,6,12,15,17,23,28,29,31,33,40,41,42"/>
			 <test weight="5" matchtype="exact" dhcptype="Request" dhcpoption55="1,3,6,12,15,23,28,29,31,33,40,41,42"/>
			 <test weight="5" matchtype="exact" dhcptype="Request" dhcpoption55="1,3,6,12,15,28,42,40"/>
			 <test weight="10" matchtype="partial" dhcptype="Request" dhcpvendorcode="Linux 2.2"/>
		 </tests>
	 </fingerprint>
	 <fingerprint os="Linux 2.4 thru 6" os_class="Linux" os_url="" comments="" author="xnih@cableone.net" lastmodified="September 23, 2008">
		 <tests>
			 <test weight="1" matchtype="exact" dhcptype="Release" dhcpoptions="53,54,61"/>
		 </tests>
	 </fingerprint>
	 <fingerprint os="Linux 2.4.x" os_class="Linux" os_url="" comments="" author="xnih@cableone.net" lastmodified="September 23, 2008">
		 <tests>
			 <test weight="5" matchtype="exact" dhcptype="Discover" dhcpoptions="53,57,50,51,55,12,60,61"/>
			 <test weight="5" matchtype="exact" dhcptype="Discover" dhcpoptions="53,57,50,51,55,60,61"/>
			 <test weight="5" matchtype="exact" dhcptype="Discover" dhcpoptions="53,57,51,55,12,60,61"/>
			 <test weight="5" matchtype="exact" dhcptype="Discover" dhcpoptions="53,57,51,55,60,61"/>
			 <test weight="5" matchtype="exact" dhcptype="Discover" dhcpoption55="1,3,6,12,15,17,23,28,29,31,33,40,41,42"/>
			 <test weight="5" matchtype="exact" dhcptype="Discover" dhcpoption55="1,3,6,12,15,17,23,28,29,31,33,40,41,42,9,7,200,44"/>
			 <test weight="5" matchtype="exact" dhcptype="Discover" dhcpoption55="1,3,6,12,15,23,28,29,31,33,40,41,42"/>
			 <test weight="5" matchtype="exact" dhcptype="Discover" dhcpoption55="1,3,6,12,15,28,42,40"/>
			 <test weight="10" matchtype="partial" dhcptype="Discover" dhcpvendorcode="Linux 2.4"/>
			 <test weight="5" matchtype="exact" dhcptype="Request" dhcpoptions="53,57,50,51,55,60,61"/>
			 <test weight="5" matchtype="exact" dhcptype="Request" dhcpoptions="53,57,51,55,60,61"/>
			 <test weight="5" matchtype="exact" dhcptype="Request" dhcpoptions="53,57,54,50,51,55,12,60,61"/>
			 <test weight="5" matchtype="exact" dhcptype="Request" dhcpoptions="53,57,54,50,51,55,60,61"/>
			 <test weight="5" matchtype="exact" dhcptype="Request" dhcpoptions="53,57,55,60,61"/>
			 <test weight="5" matchtype="exact" dhcptype="Request" dhcpoption55="1,3,6,12,15,17,23,28,29,31,33,40,41,42"/>
			 <test weight="5" matchtype="exact" dhcptype="Request" dhcpoption55="1,3,6,12,15,17,23,28,29,31,33,40,41,42,9,7,200,44"/>
			 <test weight="5" matchtype="exact" dhcptype="Request" dhcpoption55="1,3,6,12,15,23,28,29,31,33,40,41,42"/>
			 <test weight="10" matchtype="partial" dhcptype="Request" dhcpvendorcode="Linux 2.4"/>
		 </tests>
	 </fingerprint>
	 <fingerprint os="Linux 2.6.x" os_class="Linux" os_url="" comments="" author="xnih@cableone.net" lastmodified="September 23, 2008">
		 <tests>
			 <test weight="5" matchtype="exact" dhcptype="Discover" dhcpoptions="53,57,50,51,55,12,60,61"/>
			 <test weight="5" matchtype="exact" dhcptype="Discover" dhcpoptions="53,57,50,51,55,60,61"/>
			 <test weight="5" matchtype="exact" dhcptype="Discover" dhcpoptions="53,57,51,55,12,60,61"/>
			 <test weight="5" matchtype="exact" dhcptype="Discover" dhcpoptions="53,57,51,55,60,61"/>
			 <test weight="5" matchtype="exact" dhcptype="Discover" dhcpoption55="1,3,6,12,15,17,23,28,29,31,33,40,41,42"/>
			 <test weight="5" matchtype="exact" dhcptype="Discover" dhcpoption55="1,3,6,12,15,17,23,28,29,31,33,40,41,42,9,7,200,44"/>
			 <test weight="5" matchtype="exact" dhcptype="Discover" dhcpoption55="1,3,6,12,15,17,23,28,29,31,33,40,41,42,119"/>
			 <test weight="10" matchtype="partial" dhcptype="Discover" dhcpvendorcode="Linux 2.6"/>
			 <test weight="5" matchtype="exact" dhcptype="Request" dhcpoptions="53,57,50,51,55,12,60,61"/>
			 <test weight="5" matchtype="exact" dhcptype="Request" dhcpoptions="53,57,54,50,51,55,12,60,61"/>
			 <test weight="5" matchtype="exact" dhcptype="Request" dhcpoptions="53,57,50,51,55,60,61"/>
			 <test weight="5" matchtype="exact" dhcptype="Request" dhcpoptions="53,57,54,50,51,55,60,61"/>
			 <test weight="5" matchtype="exact" dhcptype="Request" dhcpoption55="1,3,6,12,15,17,23,28,29,31,33,40,41,42"/>
			 <test weight="5" matchtype="exact" dhcptype="Request" dhcpoption55="1,3,6,12,15,17,23,28,29,31,33,40,41,42,9,7,200,44"/>
			 <test weight="5" matchtype="exact" dhcptype="Request" dhcpoption55="1,3,6,12,15,17,23,28,29,31,33,40,41,42,119"/>
			 <test weight="10" matchtype="partial" dhcptype="Request" dhcpvendorcode="Linux 2.6"/>
		 </tests>
	 </fingerprint>
	 <fingerprint os="Debain 3 Unstable" os_class="Debain" os_url="" comments="" author="xnih@cableone.net" lastmodified="July 8, 2006">
		 <tests>
			 <test weight="5" matchtype="exact" dhcpoption55="28,2,3,15,6,12"/>
			 <test weight="5" matchtype="exact" dhcpoptions="53,51,55"/>
		 </tests>
	 </fingerprint>
	 <fingerprint os="Debain 3.1" os_class="Debain" os_url="" comments="" author="xnih@cableone.net" lastmodified="August 7, 2008">
		 <tests>
			 <test weight="5" matchtype="exact" dhcptype="Discover" dhcpoption55="1,28,2,3,15,6,12"/>
			 <test weight="5" matchtype="exact" dhcptype="Discover" dhcpoptions="53,55"/>
		 </tests>
	 </fingerprint>
	 <fingerprint os="Kantonix 2005.0 - 2005.3" os_class="" os_url="" os_icon="" comments="debian" author="xnih@cableone.net" lastmodified="September 6, 2008">
		 <tests>
			 <test weight="1" matchtype="exact" dhcptype="Discover" dhcpoptions="53"/>
			 <test weight="7" matchtype="exact" dhcptype="Discover" dhcpoptions="53,57,55,12,51"/>
			 <test weight="4" matchtype="exact" dhcptype="Discover" dhcpoption55="1,3,6,15,28,12,7,9,42,48,49"/>
			 <test weight="7" matchtype="exact" dhcptype="Request" dhcpoptions="53,57,55,12,51,54,50"/>
			 <test weight="4" matchtype="exact" dhcptype="Request" dhcpoption55="1,3,6,15,28,12,7,9,42,48,49"/>
		 </tests>
	 </fingerprint>
	 <fingerprint os="Kantonix 2005.4 - 2006.1" os_class="" os_url="" os_icon="" comments="debian" author="xnih@cableone.net" lastmodified="September 6, 2008">
		 <tests>
			 <test weight="1" matchtype="exact" dhcptype="Discover" dhcpoptions="53"/>
			 <test weight="7" matchtype="exact" dhcptype="Discover" dhcpoptions="53,57,55,12,51"/>
			 <test weight="4" matchtype="exact" dhcptype="Discover" dhcpoption55="1,3,6,15,28,12,7,9,42,48,49,26"/>
			 <test weight="7" matchtype="exact" dhcptype="Request" dhcpoptions="53,57,55,12,51,54,50"/>
			 <test weight="4" matchtype="exact" dhcptype="Request" dhcpoption55="1,3,6,15,28,12,7,9,42,48,49,26"/>
		 </tests>
	 </fingerprint>
	 <fingerprint os="Knoppix 3.6 - 4.0.2" os_class="" os_url="" os_icon="" comments="" author="xnih@cableone.net" lastmodified="September 6, 2008">
		 <tests>
			 <test weight="1" matchtype="exact" dhcptype="Discover" dhcpoptions="53"/>
			 <test weight="7" matchtype="exact" dhcptype="Discover" dhcpoptions="53,57,55,12,51"/>
			 <test weight="4" matchtype="exact" dhcptype="Discover" dhcpoption55="1,3,6,15,28,12,7,9,42,48,49"/>
			 <test weight="7" matchtype="exact" dhcptype="Request" dhcpoptions="53,57,55,12,51,54,50"/>
			 <test weight="4" matchtype="exact" dhcptype="Request" dhcpoption55="1,3,6,15,28,12,7,9,42,48,49"/>
		 </tests>
	 </fingerprint>
	 <fingerprint os="Knoppix 5.0.1 - 5.3" os_class="" os_url="" os_icon="" comments="debian" author="xnih@cableone.net" lastmodified="September 6, 2008">
		 <tests>
			 <test weight="1" matchtype="exact" dhcptype="Discover" dhcpoptions="53"/>
			 <test weight="7" matchtype="exact" dhcptype="Discover" dhcpoptions="53,57,55,12,51"/>
			 <test weight="4" matchtype="exact" dhcptype="Discover" dhcpoption55="1,3,6,15,28,12,7,9,42,48,49,26"/>
			 <test weight="7" matchtype="exact" dhcptype="Request" dhcpoptions="53,57,55,12,51,54,50"/>
			 <test weight="4" matchtype="exact" dhcptype="Request" dhcpoption55="1,3,6,15,28,12,7,9,42,48,49,26"/>
		 </tests>
	 </fingerprint>
	 <fingerprint os="PHLAK 0.1/0.2/0.3" os_class="PHLAK" os_url="" comments="" author="xnih@cableone.net" lastmodified="August 4, 2008">
		 <tests>
			 <test weight="1" matchtype="exact" dhcptype="Discover" dhcpoptions="53"/>
			 <test weight="7" matchtype="exact" dhcptype="Discover" dhcpoptions="53,57,55,12,51"/>
			 <test weight="4" matchtype="exact" dhcptype="Discover" dhcpoption55="1,3,6,15,28,12,7,9,42,48,49"/>
			 <test weight="7" matchtype="exact" dhcptype="Request" dhcpoptions="53,57,55,12,51,54,50"/>
			 <test weight="4" matchtype="exact" dhcptype="Request" dhcpoption55="1,3,6,15,28,12,7,9,42,48,49"/>
		 </tests>
	 </fingerprint>
	 <fingerprint os="Red Hat 6.2" os_class="Red Hat" os_url="" comments="" author="xnih@cableone.net" lastmodified="August 4, 2008">
		 <tests>
			 <test weight="1" matchtype="exact" dhcptype="Discover" dhcpoptions="53"/>
			 <test weight="7" matchtype="exact" dhcptype="Discover" dhcpoptions="57,55,51,53"/>
			 <test weight="4" matchtype="exact" dhcptype="Discover" dhcpoption55="1,3,6,15,28,12,7,9,42,48,49"/>
			 <test weight="5" matchtype="exact" dhcptype="Request" dhcpoptions="57,55,51,53,54,50"/>
			 <test weight="4" matchtype="exact" dhcptype="Request" dhcpoption55="1,3,6,15,28,12,7,9,42,48,49"/>
		 </tests>
	 </fingerprint>
	 <fingerprint os="Red Hat 7.0" os_class="Red Hat" os_url="" comments="" author="xnih@cableone.net" lastmodified="August 24, 2006">
		 <tests>
			 <test weight="1" matchtype="exact" dhcptype="Discover" dhcpoptions="53"/>
			 <test weight="7" matchtype="exact" dhcptype="Discover" dhcpoptions="57,55,51,53"/>
			 <test weight="4" matchtype="exact" dhcptype="Discover" dhcpoption55="1,3,6,15,28,12,7,9,42,48,49"/>
			 <test weight="7" matchtype="exact" dhcptype="Request" dhcpoptions="57,55,51,53,54"/>
			 <test weight="4" matchtype="exact" dhcptype="Request" dhcpoption55="1,3,6,15,28,12,7,9,42,48,49"/>
		 </tests>
	 </fingerprint>
	 <fingerprint os="Gentoo 2004.3" os_class="" os_url="" os_icon="" comments="Liveboot CD 2.6.9" author="xnih@cableone.net" lastmodified="August 24, 2006">
		 <tests>
			 <test weight="7" matchtype="exact" dhcptype="Discover" dhcpoption55="1,3,6,12,15,17,23,28,29,31,33,40,41,42"/>
			 <test weight="7" matchtype="exact" dhcptype="Discover" dhcpoptions="53,57,51,55,60,61"/>
			 <test weight="10" matchtype="exact" dhcptype="Discover" dhcpvendorcode="Linux 2.6.9-gentoo-r1 i686"/>
			 <test weight="7" matchtype="exact" dhcptype="Request" dhcpoption55="1,3,6,12,15,17,23,28,29,31,33,40,41,42"/>
			 <test weight="7" matchtype="exact" dhcptype="Request" dhcpoptions="53,57,54,50,41,55,60,61"/>
			 <test weight="10" matchtype="exact" dhcptype="Request" dhcpvendorcode="Linux 2.6.9-gentoo-r1 i686"/>
		 </tests>
	 </fingerprint>
	 <fingerprint os="Gentoo 2005.0" os_class="" os_url="" os_icon="" comments="Liveboot CD 2.6.11" author="xnih@cableone.net" lastmodified="August 24, 2006">
		 <tests>
			 <test weight="4" matchtype="exact" dhcptype="Discover" dhcpoptions="53,57,51,55,12,60,61"/>
			 <test weight="7" matchtype="exact" dhcptype="Discover" dhcpoption55="1,3,6,12,15,17,23,28,29,31,33,40,41,42"/>
			 <test weight="10" matchtype="exact" dhcptype="Discover" dhcpvendorcode="Linux 2.6.11-gentoo-r3 i686"/>
			 <test weight="4" matchtype="exact" dhcptype="Request" dhcpoptions="53,57,54,50,51,55,12,60,61"/>
			 <test weight="7" matchtype="exact" dhcptype="Request" dhcpoption55="1,3,6,12,15,17,23,28,29,31,33,40,41,42"/>
			 <test weight="10" matchtype="exact" dhcptype="Request" dhcpvendorcode="Linux 2.6.11-gentoo-r3 i686"/>
		 </tests>
	 </fingerprint>
	 <fingerprint os="Gentoo 2006.0" os_class="" os_url="" os_icon="" comments="Liveboot CD 2.6.15" author="xnih@cableone.net" lastmodified="September 6, 2008">
		 <tests>
			 <test weight="4" matchtype="exact" dhcptype="Discover" dhcpoptions="53,57,51,55,12,60,61"/>
			 <test weight="7" matchtype="exact" dhcptype="Discover" dhcpoption55="1,3,6,12,15,17,23,28,29,31,33,40,41,42,119"/>
			 <test weight="10" matchtype="exact" dhcptype="Discover" dhcpvendorcode="Linux 2.6.15-gentoo-r5 i686"/>
			 <test weight="4" matchtype="exact" dhcptype="Request" dhcpoptions="53,57,51,55,12,60,61"/>
			 <test weight="4" matchtype="exact" dhcptype="Request" dhcpoptions="53,57,50,51,55,12,60,61"/>
			 <test weight="4" matchtype="exact" dhcptype="Request" dhcpoptions="53,57,54,50,51,55,12,60,61"/>
			 <test weight="7" matchtype="exact" dhcptype="Request" dhcpoption55="1,3,6,12,15,17,23,28,29,31,33,40,41,42,119"/>
			 <test weight="10" matchtype="exact" dhcptype="Request" dhcpvendorcode="Linux 2.6.15-gentoo-r5 i686"/>
		 </tests>
	 </fingerprint>
	 <fingerprint os="Gentoo 2006.1" os_class="" os_url="" os_icon="" comments="" author="xnih@cableone.net" lastmodified="August 4, 2008">
		 <tests>
			 <test weight="4" matchtype="exact" dhcptype="Discover" dhcpoptions="53,57,50,51,55,12,60,61"/>
			 <test weight="4" matchtype="exact" dhcptype="Discover" dhcpoptions="53,57,51,55,60,61"/>
			 <test weight="7" matchtype="exact" dhcptype="Discover" dhcpoption55="1,3,6,12,15,17,23,28,29,31,33,40,41,42,119"/>
			 <test weight="10" matchtype="exact" dhcptype="Discover" dhcpvendorcode="Linux 2.6.17-gentoo-r7 i686"/>
			 <test weight="4" matchtype="exact" dhcptype="Request" dhcpoptions="53,57,50,51,55,12,60,61"/>
			 <test weight="4" matchtype="exact" dhcptype="Request" dhcpoptions="53,57,54,50,51,55,12,60,61"/>
			 <test weight="4" matchtype="exact" dhcptype="Request" dhcpoptions="53,57,55,12,60,61"/>
			 <test weight="4" matchtype="exact" dhcptype="Request" dhcpoptions="53,57,54,50,51,55,60,61"/>
			 <test weight="7" matchtype="exact" dhcptype="Request" dhcpoption55="1,3,6,12,15,17,23,28,29,31,33,40,41,42,119"/>
			 <test weight="10" matchtype="exact" dhcptype="Request" dhcpvendorcode="Linux 2.6.17-gentoo-r7 i686"/>
			 <test weight="10" matchtype="exact" dhcptype="Request" dhcpvendorcode="Linux 2.6.17-gentoo-r8 i686"/>
		 </tests>
	 </fingerprint>
	 <fingerprint os="Gentoo 2007.0" os_class="" os_url="" os_icon="" comments="" author="xnih@cableone.net" lastmodified="September 6, 2008">
		 <tests>
			 <test weight="4" matchtype="exact" dhcptype="Discover" dhcpoptions="53,57,51,55,60,61"/>
			 <test weight="7" matchtype="exact" dhcptype="Discover" dhcpoption55="1,3,6,12,15,17,23,28,29,31,33,40,41,42,119"/>
			 <test weight="10" matchtype="exact" dhcptype="Discover" dhcpvendorcode="Linux 2.6.19-gentoo-r5 i686"/>
			 <test weight="4" matchtype="exact" dhcptype="Request" dhcpoptions="53,57,54,50,51,55,12,60,61"/>
			 <test weight="7" matchtype="exact" dhcptype="Request" dhcpoption55="1,3,6,12,15,17,23,28,29,31,33,40,41,42,119"/>
			 <test weight="10" matchtype="exact" dhcptype="Request" dhcpvendorcode="Linux 2.6.19-gentoo-r5 i686"/>
		 </tests>
	 </fingerprint>
	 <fingerprint os="Gentoo 2008.0 R1" os_class="" os_url="" os_icon="" comments="" author="xnih@cableone.net" lastmodified="September 6, 2008">
		 <tests>
			 <test weight="4" matchtype="exact" dhcptype="Discover" dhcpoptions="53,55,12,60,61"/>
			 <test weight="7" matchtype="exact" dhcptype="Discover" dhcpoption55="6"/>
			 <test weight="10" matchtype="exact" dhcptype="Discover" dhcpvendorcode="dhcpcd 3.1.5"/>
		 </tests>
	 </fingerprint>
	 <fingerprint os="Slax 5.1.8" os_class="" os_url="" os_icon="" comments="" author="xnih@cableone.net" lastmodified="August 4, 2008">
		 <tests>
			 <test weight="4" matchtype="exact" dhcptype="Discover" dhcpoptions="53,57,51,55,60,61"/>
			 <test weight="7" matchtype="exact" dhcptype="Discover" dhcpoption55="1,3,6,12,15,17,23,28,29,31,33,40,41,42,119"/>
			 <test weight="1" matchtype="exact" dhcptype="Discover" dhcpvendorcode="Linux 2.6.16 i686"/>
			 <test weight="4" matchtype="exact" dhcptype="Request" dhcpoptions="53,57,54,50,51,55,60,61"/>
			 <test weight="7" matchtype="exact" dhcptype="Request" dhcpoption55="1,3,6,12,15,17,23,28,29,31,33,40,41,42,119"/>
			 <test weight="1" matchtype="exact" dhcptype="Request" dhcpvendorcode="Linux 2.6.16 i686"/>
		 </tests>
	 </fingerprint>
	 <fingerprint os="Hakin9 2.8" os_class="" os_url="" os_icon="" comments="Liveboot CD 2.6.15" author="xnih@cableone.net" lastmodified="August 24, 2006">
		 <tests>
			 <test weight="4" matchtype="exact" dhcptype="Discover" dhcpoptions="53,57,51,55,12,60,61"/>
			 <test weight="7" matchtype="exact" dhcptype="Discover" dhcpoption55="1,3,6,12,15,17,23,28,29,31,33,40,41,42,119"/>
			 <test weight="10" matchtype="exact" dhcptype="Discover" dhcpvendorcode="Linux 2.6.13-gentoo-r3 i686"/>
			 <test weight="4" matchtype="exact" dhcptype="Request" dhcpoptions="53,57,54,50,51,55,12,60,61"/>
			 <test weight="7" matchtype="exact" dhcptype="Request" dhcpoption55="1,3,6,12,15,17,23,28,29,31,33,40,41,42,119"/>
			 <test weight="10" matchtype="exact" dhcptype="Request" dhcpvendorcode="Linux 2.6.13-gentoo-r3 i686"/>
		 </tests>
	 </fingerprint>
	 <fingerprint os="Ubuntu" os_class="Linux" os_url="" os_icon="" comments="Ubuntu LiveCD" author="xnih@cableone.net" lastmodified="August 4, 2008">
		 <tests>
			 <test weight="4" matchtype="exact" dhcptype="Discover" dhcpoptions="53,55"/>
			 <test weight="5" matchtype="exact" dhcptype="Discover" dhcpoption55="1,28,2,3,15,6,12"/>
			 <test weight="5" matchtype="exact" dhcptype="Request" dhcpoptions="53,54,50,55"/>
			 <test weight="5" matchtype="exact" dhcptype="Request" dhcpoption55="1,28,2,3,15,6,12"/>
		 </tests>
	 </fingerprint>
	 <fingerprint os="PCLinux 2007 - 2008" os_class="Linux" os_url="" os_icon="" comments="" author="xnih@cableone.net" lastmodified="September 6, 2008">
		 <tests>
			 <test weight="4" matchtype="exact" dhcptype="Discover" dhcpoptions="53,50,55"/>
			 <test weight="4" matchtype="exact" dhcptype="Discover" dhcpoptions="53,55"/>
			 <test weight="5" matchtype="exact" dhcptype="Discover" dhcpoption55="1,28,2,3,15,6,12"/>
			 <test weight="5" matchtype="exact" dhcptype="Request" dhcpoptions="53,50,55"/>
			 <test weight="5" matchtype="exact" dhcptype="Request" dhcpoptions="53,54,50,55"/>
			 <test weight="5" matchtype="exact" dhcptype="Request" dhcpoption55="1,28,2,3,15,6,12"/>
		 </tests>
	 </fingerprint>
	 <fingerprint os="PC BSD 1.2/1.3" os_class="Linux" os_url="" os_icon="" comments="" author="xnih@cableone.net" lastmodified="August 4, 2008">
		 <tests>
			 <test weight="4" matchtype="exact" dhcptype="Discover" dhcpoptions="53,50,55"/>
			 <test weight="5" matchtype="exact" dhcptype="Discover" dhcpoption55="1,28,2,3,15,6,12"/>
			 <test weight="5" matchtype="exact" dhcptype="Request" dhcpoptions="53,54,50,55"/>
			 <test weight="5" matchtype="exact" dhcptype="Request" dhcpoption55="1,28,2,3,15,6,12"/>
		 </tests>
	 </fingerprint>
	 <fingerprint os="PC BSD 1.4" os_class="Linux" os_url="" os_icon="" comments="" author="xnih@cableone.net" lastmodified="August 5, 2008">
		 <tests>
			 <test weight="5" matchtype="exact" dhcptype="Discover" dhcpoptions="53,50,61,12,55"/>
			 <test weight="5" matchtype="exact" dhcptype="Discover" dhcpoption55="1,28,2,3,15,6,12"/>
			 <test weight="5" matchtype="exact" dhcptype="Request" dhcpoptions="53,54,50,61,12,55"/>
			 <test weight="5" matchtype="exact" dhcptype="Request" dhcpoption55="1,28,2,3,15,6,12"/>
		 </tests>
	 </fingerprint>
	 <fingerprint os="PC BSD 1.5" os_class="Linux" os_url="" os_icon="" comments="" author="xnih@cableone.net" lastmodified="August 5, 2008">
		 <tests>
			 <test weight="5" matchtype="exact" dhcptype="Discover" dhcpoptions="53,61,12,55"/>
			 <test weight="5" matchtype="exact" dhcptype="Discover" dhcpoption55="1,28,2,121,3,15,6,12"/>
			 <test weight="5" matchtype="exact" dhcptype="Request" dhcpoptions="53,50,61,12,55"/>
			 <test weight="5" matchtype="exact" dhcptype="Request" dhcpoptions="53,54,50,61,12,55"/>
			 <test weight="5" matchtype="exact" dhcptype="Request" dhcpoption55="1,28,2,121,3,15,6,12"/>
		 </tests>
	 </fingerprint>
	 <fingerprint os="Debain Based Linux" os_class="Linux" os_url="" comments="packetfence project" author="xnih@cableone.net" lastmodified="August 3, 2006">
		 <tests>
			 <test weight="5" matchtype="exact" dhcpoption55="1,28,2,3,15,6,12"/>
			 <test weight="5" matchtype="exact" dhcpoption55="1,28,2,3,15,6,12,44,47"/>
			 <test weight="5" matchtype="exact" dhcpoption55="1,3,6,15,28,12,7,9,42,48,49"/>
			 <test weight="5" matchtype="exact" dhcpoption55="3,6,15,28,12,7,9,42,48,49"/>
		 </tests>
	 </fingerprint>
	 <fingerprint os="Generic Linux" os_class="Linux" os_url="" comments="packetfence project" author="xnih@cableone.net" lastmodified="August 3, 2006">
		 <tests>
			 <test weight="5" matchtype="exact" dhcpoption55="1,3,6,12,15,17,23,28,29,31,33,40,41,42"/>
			 <test weight="5" matchtype="exact" dhcpoption55="1,3,6,12,15,17,23,28,29,31,33,40,41,42,119"/>
			 <test weight="5" matchtype="exact" dhcpoption55="3,6,12,15,17,23,28,29,31,33,40,41,42,119"/>
		 </tests>
	 </fingerprint>
	 <fingerprint os="RedHat/Fedora based Linux" os_class="Linux" os_url="" comments="packetfence project" author="xnih@cableone.net" lastmodified="August 3, 2006">
		 <tests>
			 <test weight="5" matchtype="exact" dhcpoption55="1,28,2,3,15,6,12,40,41,42"/>
			 <test weight="5" matchtype="exact" dhcpoption55="28,2,3,15,6,12,40,41,42"/>
			 <test weight="5" matchtype="exact" dhcpoption55="1,3,6,15,28,12,7,9,42,48,49,26"/>
		 </tests>
	  </fingerprint>
          <fingerprint os="Linux (CentOS 4.0 and others)" os_class="" os_url="" comments="http://insipid.com paper" author="xnih@cableone.net" lastmodified="April 22, 2005">
		 <tests>
			 <test weight="7" matchtype="exact" dhcpoption55="1,28,2,3,15,6,12,40,41,42"/>
		 </tests>
	 </fingerprint>
	 <fingerprint os="SuSE Linux/Novell Desktop" os_class="" os_url="" comments="http://insipid.com paper and packetfence project" author="xnih@cableone.net" lastmodified="August 3, 2006">
		 <tests>
			 <test weight="7" matchtype="exact" dhcpoption55="1,3,6,12,15,17,23,28,29,31,33,40,41,42,9,7,200,44"/>
			 <test weight="7" matchtype="exact" dhcpoption55="1,3,6,12,15,17,23,28,29,31,33,40,41,42,9,7,44,45,46,47"/>
		 </tests>
	 </fingerprint>
	 <fingerprint os="SuSE 9.3" os_class="SuSE" os_url="" comments="Live CD" author="xnih@cableone.net" lastmodified="September 1, 2006">
		 <tests>
			 <test weight="5" matchtype="exact" dhcptype="Discover" dhcpoptions="53,57,51,55,12,60,61"/>
			 <test weight="5" matchtype="exact" dhcptype="Discover" dhcpoption55="1,3,6,12,15,17,23,28,29,31,33,40,41,42,9,7,44,45,46,47"/>
			 <test weight="5" matchtype="exact" dhcptype="Discover" dhcpvendorcode="Linux 2.6.11.4-20a-default i686"/>
			 <test weight="5" matchtype="exact" dhcptype="Request" dhcpoptions="53,57,54,50,51,55,12,60,61"/>
			 <test weight="5" matchtype="exact" dhcptype="Request" dhcpoption55="1,3,6,12,15,17,23,28,29,31,33,40,41,42,9,7,44,45,46,47"/>
			 <test weight="5" matchtype="exact" dhcptype="Request" dhcpvendorcode="Linux 2.6.11.4-20a-default i686"/>
		 </tests>
	 </fingerprint>
	 <fingerprint os="SLED 10" os_class="SuSE" os_url="" comments="" author="xnih@cableone.net" lastmodified="August 4, 2008">
		 <tests>
			 <test weight="5" matchtype="exact" dhcptype="Discover" dhcpoptions="53,51,12,55"/>
			 <test weight="5" matchtype="exact" dhcptype="Discover" dhcpoptions="53,51,50,12,55"/>
			 <test weight="5" matchtype="exact" dhcptype="Discover" dhcpoption55="1,28,2,3,15,6,12,40,41"/>
			 <test weight="5" matchtype="exact" dhcptype="Release" dhcpoptions="53,54,51,12"/>
			 <test weight="5" matchtype="exact" dhcptype="Request" dhcpoptions="53,54,51,50,12,55"/>
			 <test weight="5" matchtype="exact" dhcptype="Request" dhcpoption55="1,28,2,3,15,6,12,40,41"/>
		 </tests>
	 </fingerprint>
	 <fingerprint os="SLED 10.1" os_class="SuSE" os_url="" comments="" author="xnih@cableone.net" lastmodified="August 4, 2008">
		 <tests>
			 <test weight="5" matchtype="exact" dhcptype="Discover" dhcpvendorcode="Linux 2.6.16.21-0.13-default i686"/>
			 <test weight="5" matchtype="exact" dhcptype="Discover" dhcpoptions="53,57,50,51,55,12,60,61"/>
			 <test weight="5" matchtype="exact" dhcptype="Discover" dhcpoptions="53,57,54,50,51,55,12,60,61"/>
			 <test weight="5" matchtype="exact" dhcptype="Discover" dhcpoption55="1,3,6,12,15,17,23,28,29,31,33,40,41,42,9,7,44,45,46,47,119"/>
			 <test weight="5" matchtype="exact" dhcptype="Request" dhcpvendorcode="Linux 2.6.16.21-0.13-default i686"/>
			 <test weight="5" matchtype="exact" dhcptype="Request" dhcpoptions="53,57,50,51,55,12,60,61"/>
			 <test weight="5" matchtype="exact" dhcptype="Request" dhcpoption55="1,3,6,12,15,17,23,28,29,31,33,40,41,42,9,7,44,45,46,47,119"/>
		 </tests>
	 </fingerprint>
	 <fingerprint os="Cent OS 4-5" os_class="Fedora Core" os_url="" comments="" author="xnih@cableone.net" lastmodified="August 7, 2008">
		 <tests>
			 <test weight="5" matchtype="exact" dhcptype="Discover" dhcpoptions="53,50,55"/>
			 <test weight="5" matchtype="exact" dhcptype="Discover" dhcpoption55="1,28,2,3,15,6,12,40,41,42"/>
			 <test weight="5" matchtype="exact" dhcptype="Request" dhcpoptions="53,54,50,55"/>
			 <test weight="5" matchtype="exact" dhcptype="Request" dhcpoption55="1,28,2,3,15,6,12,40,41,42"/>
		 </tests>
	 </fingerprint>
	 <fingerprint os="Fedora Core 3-9" os_class="Fedora Core" os_url="" comments="" author="xnih@cableone.net" lastmodified="September 6, 2008">
		 <tests>
			 <test weight="5" matchtype="exact" dhcptype="Discover" dhcpoptions="53,55"/>
			 <test weight="5" matchtype="exact" dhcptype="Discover" dhcpoptions="53,50,55"/>
			 <test weight="5" matchtype="exact" dhcptype="Discover" dhcpoptions="53,54,50,55"/>
			 <test weight="5" matchtype="exact" dhcptype="Discover" dhcpoption55="1,28,2,3,15,6,12,40,41,42"/>
			 <test weight="5" matchtype="exact" dhcptype="Request" dhcpoptions="53,50,55"/>
			 <test weight="5" matchtype="exact" dhcptype="Request" dhcpoptions="53,54,50,55"/>
			 <test weight="5" matchtype="exact" dhcptype="Request" dhcpoption55="1,28,2,3,15,6,12,40,41,42"/>
		 </tests>
	 </fingerprint>
	 <fingerprint os="OpenBSD 3.8" os_class="OpenBSD" os_url="" comments="packetfence project" author="xnih@cableone.net" lastmodified="August 4, 2008">
		 <tests>
			 <test weight="5" matchtype="exact" dhcptype="Discover" dhcpoptions="12,50,53,55"/>
			 <test weight="5" matchtype="exact" dhcptype="Discover" dhcpoption55="1,28,3,15,6,12"/>
			 <test weight="5" matchtype="exact" dhcptype="Request" dhcpoptions="12,50,53,54,55"/>
			 <test weight="5" matchtype="exact" dhcptype="Request" dhcpoption55="1,28,3,15,6,12"/>
		 </tests>
	 </fingerprint>
         <fingerprint os="Sun Blade 100 Workstation" os_class="Sun" os_url="" comments="" author="xnih@cableone.net" lastmodified="September 4, 2006">
		 <tests>
			 <test weight="5" matchtype="exact" dhcptype="Request" dhcpoptions="53,57,51,60,55"/>
			 <test weight="5" matchtype="exact" dhcptype="Request" dhcpoption55="1,3,12,43"/>
			 <test weight="10" matchtype="exact" dhcptype="Request" dhcpvendorcode="SUNW.Sun-Blade-100"/>
		 </tests>
	 </fingerprint>
        <fingerprint os="SunOS 5.6" os_class="Sun" os_url="" comments="" author="xnih@cableone.net" lastmodified="September 21, 2008">
		 <tests>
			 <test weight="5" matchtype="exact" dhcptype="Discover" dhcpoptions="53,55,60,61"/>
			 <test weight="5" matchtype="exact" dhcptype="Discover" dhcpoption55="1,2,3,5,6,12,15,19,28,33,40,41,64,65"/>
			 <test weight="10" matchtype="exact" dhcptype="Discover" dhcpvendorcode="SUNW.sparc.Tadpole_S3GX.SunOS"/>
		 </tests>
	 </fingerprint>
	 <fingerprint os="Cisco 2900 Catalyst XL" os_class="Cisco" os_url="" comments="" author="xnih@cableone.net" lastmodified="July 8, 2006">
		 <tests>
			 <test weight="5" matchtype="exact" dhcptype="Discover" dhcpoptions="53,57,61,55,60,52"/>
			 <test weight="5" matchtype="exact" dhcptype="Discover" dhcpoption55="1,66,6,3,67,12,150"/>
			 <test weight="1" matchtype="exact" dhcptype="Discover" dhcpvendorcode="docsis1.0"/>
			 <test weight="5" matchtype="exact" dhcpoption55="1,66,6,3,67"/>
			 <test weight="5" matchtype="exact" dhcpoption55="1,66,6,3,67,150,43"/>
		 </tests>
	 </fingerprint>
	 <fingerprint os="Cisco 3550" os_class="Cisco" os_url="" comments="packetfence project" author="xnih@cableone.net" lastmodified="July 8, 2006">
		 <tests>
			 <test weight="5" matchtype="exact" dhcpoption55="1,6,15,44,3,33"/>
		 </tests>
	 </fingerprint>
	 <fingerprint os="Cisco 3560" os_class="Cisco" os_url="" comments="" author="xnih@cableone.net" lastmodified="July 8, 2006">
		 <tests>
			 <test weight="5" matchtype="exact" dhcpoption55="1,6,15,44,52"/>
		 </tests>
	 </fingerprint>
	 <fingerprint os="Etherboot 5.0" os_class="Etherboot" os_url="" comments="" author="xnih@cableone.net" lastmodified="July 8, 2006">
		 <tests>
			 <test weight="5" matchtype="exact" dhcpoption55="1,3,12,43"/>
			 <test weight="10" matchtype="exact" dhcpvendorcode="Etherboot-5.0"/>
			 <test weight="5" matchtype="exact" dhcpoptions="53,57,60,55"/>
		 </tests>
	 </fingerprint>
	 <fingerprint os="Etherboot 5.2" os_class="Etherboot" os_url="" comments="" author="xnih@cableone.net" lastmodified="July 8, 2006">
		 <tests>
			 <test weight="5" matchtype="exact" dhcpoption55="1,3,12,43"/>
			 <test weight="10" matchtype="exact" dhcpvendorcode="Etherboot-5.2"/>
			 <test weight="5" matchtype="exact" dhcpoptions="53,57,60,55,150"/>
		 </tests>
	 </fingerprint>
	 <fingerprint os="empeg:mercury" os_class="" os_url="" comments="ethereal packet on internet" author="xnih@cableone.net" lastmodified="April 22, 2005">
		 <tests>
			 <test weight="10" matchtype="exact" dhcpvendorcode="empeg:mercury"/>
			 <test weight="7" matchtype="exact" dhcpoptions="53,61,51,1,3,12,40,17,60"/>
		 </tests>
	 </fingerprint>
	 <fingerprint os="PXE Client" os_class="" os_url="" comments="" author="xnih@cableone.net" lastmodified="March 6, 2007">
		 <tests>
			 <test weight="5" matchtype="exact" dhcpttl="20" dhcptype="Discover" dhcpoptions="53,55,57,97,93,94,60"/>
			 <test weight="5" matchtype="exact" dhcpttl="20" dhcptype="Discover" dhcpoption55="1,2,3,5,6,11,12,13,15,16,17,18,43,54,60,67,128,129,130,131,132,133,134,135"/>
			 <test weight="10" matchtype="exact" dhcpttl="20" dhcptype="Discover" dhcpvendorcode="PXEClient:Arch:00000:UNDI:002001"/>
			 <test weight="5" matchtype="exact" dhcpttl="20" dhcptype="Discover" dhcpoption57="1260"/>
			 <test weight="5" matchtype="exact" dhcpttl="20" dhcptype="Request" dhcpoptions="53,50,55,57,54,97,93,94,60"/>
			 <test weight="5" matchtype="exact" dhcpttl="20" dhcptype="Request" dhcpoption55="1,2,3,5,6,11,12,13,15,16,17,18,43,54,60,67,128,129,130,131,132,133,134,135"/>
			 <test weight="5" matchtype="exact" dhcpttl="20" dhcptype="Request" dhcpoption57="1260"/>
			 <test weight="10" matchtype="exact" dhcpttl="20" dhcptype="Request" dhcpvendorcode="PXEClient:Arch:00000:UNDI:002001"/>
		 </tests>
	 </fingerprint>
	 <fingerprint os="PXE Client - ZEN" os_class="" os_url="" comments="ZEN Boot Partition" author="xnih@cableone.net" lastmodified="March 6, 2007">
		 <tests>
			 <test weight="5" matchtype="exact" dhcpttl="20" dhcptype="Discover" dhcpoptions="53,55,57,97,93,94,60"/>
			 <test weight="5" matchtype="exact" dhcpttl="20" dhcptype="Discover" dhcpoption55="1,2,3,4,5,6,11,12,13,15,16,17,18,22,23,28,40,41,42,43,50,51,54,58,59,60,66,67,128,129,130,131,132,133,134,135"/>
			 <test weight="10" matchtype="exact" dhcpttl="20" dhcptype="Discover" dhcpvendorcode="PXEClient:Arch:00000:UNDI:002001"/>
			 <test weight="5" matchtype="exact" dhcpttl="20" dhcptype="Discover" dhcpoption57="1260"/>
			 <test weight="5" matchtype="exact" dhcpttl="20" dhcptype="Request" dhcpoptions="53,50,55,57,54,97,93,94,60"/>
			 <test weight="5" matchtype="exact" dhcpttl="20" dhcptype="Request" dhcpoption55="1,2,3,4,5,6,11,12,13,15,16,17,18,22,23,28,40,41,42,43,50,51,54,58,59,60,66,67,128,129,130,131,132,133,134,135"/>
			 <test weight="10" matchtype="exact" dhcpttl="20" dhcptype="Request" dhcpvendorcode="PXEClient:Arch:00000:UNDI:002001"/>
			 <test weight="5" matchtype="exact" dhcpttl="20" dhcptype="Request" dhcpoption57="1260"/>
		 </tests>
	 </fingerprint>
	 <fingerprint os="PXE Server" os_class="" os_url="" comments="ethereal packet on internet" author="xnih@cableone.net" lastmodified="April 22, 2005">
		 <tests>
			 <test weight="10" matchtype="exact" dhcpvendorcode="PXEClient"/>
			 <test weight="5" matchtype="exact" dhcpoptions="53,54,60"/>
		 </tests>
	 </fingerprint>
	 <fingerprint os="IBM WARP 4.1" os_class="" os_url="" comments="ethereal packet on internet" author="xnih@cableone.net" lastmodified="April 22, 2005">
		 <tests>
			 <test weight="5" matchtype="exact" dhcpoption55="1,3,6,15,28,33"/>
			 <test weight="10" matchtype="exact" dhcpvendorcode="IBMWARP_V4.1"/>
			 <test weight="5" matchtype="exact" dhcpoptions="53,50,61,55,60,77"/>
		 </tests>
	 </fingerprint>
	 <fingerprint os="Linksys Router" os_class="" os_url="" comments="http://insipid.com paper and packetfence" author="xnih@cableone.net" lastmodified="August 3, 2006">
		 <tests>
			 <test weight="7" matchtype="exact" dhcpoption55="1,3,6,12,15,28"/>
			 <test weight="7" matchtype="exact" dhcpoption55="1,3,6,15,28,54"/>
			 <test weight="7" matchtype="exact" dhcpoption55="1,28,2,3,15,6,12,4,7,23,26,43,50,51,54,55,60,61"/>
			 <test weight="7" matchtype="exact" dhcpoption55="1,28,2,3,15,6,12,4,7,23,26,43,50,51,54,55,60,72"/>
			 <test weight="7" matchtype="exact" dhcpoption55="1,3,6,12,15,44,46,47"/>
			 <test weight="7" matchtype="exact" dhcpoption55="1,15,3,6,44,46,47"/>
			 <test weight="7" matchtype="exact" dhcpoption55="1,15,3,6,44,46,47,1,3,6,15,44,46,47"/>
			 <test weight="7" matchtype="exact" dhcpoption55="1,15,3,6,44,46,47,66,1,3,6,15,44,46,47"/>
			 <test weight="7" matchtype="exact" dhcpoption55="1,3,6,12,15,28,44"/>
			 <test weight="7" matchtype="exact" dhcpoption55="15,3,6,44,46,47"/>
		 </tests>
	 </fingerprint>
	 <fingerprint os="Linksys WRT54G" os_class="" os_url="" comments="http://insipid.com paper" author="xnih@cableone.net" lastmodified="April 22, 2005">
		 <tests>
			 <test weight="7" matchtype="exact" dhcpoption55="1,3,6,12,15,28,44"/>
		 </tests>
	 </fingerprint>
	 <fingerprint os="Linksys PS" os_class="" os_url="" comments="" author="xnih@cableone.net" lastmodified="April 22, 2005">
		 <tests>
			 <test weight="7" matchtype="exact" dhcpoptions="53,57"/>
		 </tests>
	 </fingerprint>
	 <fingerprint os="NetBotz WallBotz 400C" os_class="" os_url="" comments="http://insipid.com paper" author="xnih@cableone.net" lastmodified="April 22, 2005">
		 <tests>
			 <test weight="7" matchtype="exact" dhcpoption55="1,3,6,15,12,69,70,88,42"/>
		 </tests>
	 </fingerprint>
	 <fingerprint os="Netgear FVS114" os_class="netgear" os_url="" comments="" author="xnih@cableone.net" lastmodified="August 24, 2006">
		 <tests>
			 <test weight="7" matchtype="exact" dhcptype="Offer" dhcpoptions="53,54,1,51,3,6,26"/>
			 <test weight="7" matchtype="exact" dhcptype="ACK" dhcpoptions="53,54,1,51,3,6,26"/>
		 </tests>
	 </fingerprint>
	 <fingerprint os="Netgear WGR614v6" os_class="netgear" os_url="" comments="" author="xnih@cableone.net" lastmodified="August 4, 2008">
		 <tests>
			 <test weight="7" matchtype="exact" dhcptype="Offer" dhcpoptions="53,54,1,58,59,51"/>
			 <test weight="7" matchtype="exact" dhcptype="Offer" dhcpoptions="53,54,1,58,59,51,3,6"/>
			 <test weight="7" matchtype="exact" dhcptype="ACK" dhcpoptions="53,54,1,58,59,51,3,6"/>
		 </tests>
	 </fingerprint>
	 <fingerprint os="Netgear Router" os_class="netgear" os_url="www.netgear.com" comments="packetfence project" author="xnih@cableone.net" lastmodified="August 3, 2006">
		 <tests>
			 <test weight="5" matchtype="exact" dhcpoption55="3,6,15"/>
			 <test weight="5" matchtype="exact" dhcpoption55="3,1,6,15"/>
			 <test weight="5" matchtype="exact" dhcpoption55="3,1,6,15,12"/>
		 </tests>
	 </fingerprint>
	 <fingerprint os="Sunrocket VoIP Gizmo" os_class="sunrocket" os_url="" comments="MTA 6328-2Re" author="xnih@cableone.net" lastmodified="September 6, 2008">
		 <tests>
			 <test weight="5" matchtype="exact" dhcptype="Discover" dhcpoptions="53,61,12,55,60"/>
			 <test weight="5" matchtype="exact" dhcptype="Discover" dhcpoption55="3,1,6,12,15,67,66,43"/>
			 <test weight="5" matchtype="exact" dhcptype="Discover" dhcpvendorcode="MTA6328R"/>
			 <test weight="5" matchtype="exact" dhcptype="Request" dhcpvendorcode="MTA6328R"/>
			 <test weight="5" matchtype="exact" dhcptype="Request" dhcpoptions="53,61,12,50,54,55,60"/>
			 <test weight="5" matchtype="exact" dhcptype="Request" dhcpoption55="3,1,6,12,15,67,66,43"/>
		 </tests>
	 </fingerprint>
	 <fingerprint os="BATM VoIP Adapter" os_class="voip" os_url="" comments="packetfence project" author="xnih@cableone.net" lastmodified="August 3, 2006">
		 <tests>
			 <test weight="5" matchtype="exact" dhcpoption55="1,3,6,15,12"/>
		 </tests>
	 </fingerprint>
	 <fingerprint os="Linksys PAP VoIP" os_class="voip" os_url="" comments="packetfence project" author="xnih@cableone.net" lastmodified="August 3, 2006">
		 <tests>
			 <test weight="5" matchtype="exact" dhcpoption55="1,3,42,6,7,15,58,59,66"/>
		 </tests>
	 </fingerprint>
	 <fingerprint os="Mediatrix VoIP Adapter" os_class="voip" os_url="" comments="packetfence project" author="xnih@cableone.net" lastmodified="August 3, 2006">
		 <tests>
			 <test weight="5" matchtype="exact" dhcpoption55="1,3,6,12,15,42,43"/>
		 </tests>
	 </fingerprint>
	 <fingerprint os="Uniden DTA VoIP Adapter" os_class="voip" os_url="" comments="packetfence project" author="xnih@cableone.net" lastmodified="August 3, 2006">
		 <tests>
			 <test weight="5" matchtype="exact" dhcpoption55="1,2,3,6,15,42"/>
		 </tests>
	 </fingerprint>
	 <fingerprint os="UniData IP Phone" os_class="voip" os_url="" comments="packetfence project" author="xnih@cableone.net" lastmodified="August 3, 2006">
		 <tests>
			 <test weight="5" matchtype="exact" dhcpoption55="54,51,58,59,1,3,6,15,28,139"/>
		 </tests>
	 </fingerprint>
	 <fingerprint os="Avaya IP Telephone" os_class="" os_url="" comments="http://insipid.com paper" author="xnih@cableone.net" lastmodified="April 22, 2005">
		 <tests>
			 <test weight="7" matchtype="exact" dhcpoption55="1,3,6,15,66,69,43,176"/>
			 <test weight="7" matchtype="exact" dhcpoption55="1,3,7,6,15,66,69,43,176"/>
		 </tests>
	 </fingerprint>
	 <fingerprint os="Linksys SPA 942" os_class="IPPhone" os_url="" comments="" author="xnih@cableone.net" lastmodified="September 11, 2008">
		 <tests>
			 <test weight="5" matchtype="exact" dhcptype="Discover" dhcpoptions="53,61,50,12,60,55"/>
			 <test weight="5" matchtype="exact" dhcptype="Discover" dhcpoption55="1,3,42,6,7,15,58,59,44,66,150,151"/>
			 <test weight="5" matchtype="exact" dhcptype="Discover" dhcpvendorcode="LINKSYS SPA-942"/>
			 <test weight="5" matchtype="exact" dhcptype="Request" dhcpoptions="53,61,50,54,12,60,55"/>
			 <test weight="5" matchtype="exact" dhcptype="Request" dhcpoption55="1,3,42,6,7,15,58,59,44,66,150,151"/>
			 <test weight="5" matchtype="exact" dhcptype="Request" dhcpvendorcode="LINKSYS SPA-942"/>
                 </tests>
	 </fingerprint>
	 <fingerprint os="Cisco IP Phone" os_class="IPPhone" os_url="http://www.cisco.com" comments="" author="xnih@cableone.net" lastmodified="August 4, 2008">
		 <tests>
			 <test weight="5" matchtype="exact" dhcptype="Discover" dhcpoption55="1,3,6,15,42,66,150"/>
			 <test weight="5" matchtype="exact" dhcptype="Discover" dhcpvendorcode="Cisco Systems, Inc. IP Phone"/>
			 <test weight="5" matchtype="exact" dhcptype="Request" dhcpvendorcode="Cisco Systems, Inc. IP Phone"/>
			 <test weight="5" matchtype="exact" dhcptype="Inform" dhcpvendorcode="Cisco Systems, Inc. IP Phone"/>
			 <test weight="5" matchtype="exact" dhcptype="Inform" dhcpoption55="1,66,6,3,15,150,35"/>
			 <test weight="5" matchtype="exact" dhcptype="Inform" dhcpoptions="53,61,12,60,55"/>
		 </tests>
	 </fingerprint>
	 <fingerprint os="Cisco 7905 IP Phone" os_class="IPPhone" os_url="http://www.cisco.com" comments="" author="xnih@cableone.net" lastmodified="September 20, 2006">
		 <tests>
			 <test weight="5" matchtype="exact" dhcpttl="250" dhcptype="Discover" dhcpoptions="53,61,60,43,12,50,55"/>
			 <test weight="5" matchtype="exact" dhcpttl="250" dhcptype="Discover" dhcpoption55="1,3,6,15,42,66,150"/>
			 <test weight="5" matchtype="exact" dhcpttl="250" dhcptype="Discover" dhcpvendorcode="Cisco Systems, Inc. IP Phone 7905"/>
			 <test weight="5" matchtype="exact" dhcpttl="250" dhcptype="Request" dhcpoptions="53,61,60,43,12,50,55"/>
			 <test weight="5" matchtype="exact" dhcpttl="250" dhcptype="Request" dhcpoptions="53,61,60,43,12,50,54,55"/>
			 <test weight="5" matchtype="exact" dhcpttl="250" dhcptype="Request" dhcpoption55="1,3,6,15,42,66,150"/>
			 <test weight="5" matchtype="exact" dhcpttl="250" dhcptype="Request" dhcpoption55="1,3,6,15,42,66,150"/>
			 <test weight="5" matchtype="exact" dhcpttl="250" dhcptype="Request" dhcpvendorcode="Cisco Systems, Inc. IP Phone 7905"/>
		 </tests>
	 </fingerprint>
	 <fingerprint os="Cisco 7910 IP Phone" os_class="IPPhone" os_url="http://www.cisco.com" comments="" author="xnih@cableone.net" lastmodified="September 11, 2008">
		 <tests>
			 <test weight="5" matchtype="exact" dhcptype="Discover" dhcpoptions="53,61,12,60,50,55"/>
			 <test weight="5" matchtype="exact" dhcptype="Discover" dhcpoption55="1,66,6,3,15,150,35"/>
			 <test weight="5" matchtype="exact" dhcptype="Discover" dhcpvendorcode="Cisco Systems, Inc. IP Phone"/>
			 <test weight="5" matchtype="exact" dhcptype="Request" dhcpoptions="53,54,61,12,60,50,55"/>
			 <test weight="5" matchtype="exact" dhcptype="Request" dhcpoption55="1,66,6,3,15,150,35"/>
			 <test weight="5" matchtype="exact" dhcptype="Request" dhcpvendorcode="Cisco Systems, Inc. IP Phone"/>
		 </tests>
	 </fingerprint>
	 <fingerprint os="Cisco 7911 IP Phone" os_class="IPPhone" os_url="http://www.cisco.com" comments="" author="xnih@cableone.net" lastmodified="March 6, 2007">
		 <tests>
			 <test weight="5" matchtype="exact" dhcptype="Discover" dhcpoptions="53,61,12,60,55"/>
			 <test weight="5" matchtype="exact" dhcptype="Discover" dhcpoption55="1,66,6,3,15,150,35"/>
			 <test weight="5" matchtype="exact" dhcptype="Discover" dhcpvendorcode="Cisco Systems, Inc. IP Phone CP-7911G"/>
			 <test weight="5" matchtype="exact" dhcptype="Request" dhcpoptions="53,54,61,12,60,50,55"/>
			 <test weight="5" matchtype="exact" dhcptype="Request" dhcpoptions="53,61,12,60,50,55"/>
			 <test weight="5" matchtype="exact" dhcptype="Request" dhcpoption55="1,66,6,3,15,150,35"/>
			 <test weight="5" matchtype="exact" dhcptype="Request" dhcpvendorcode="Cisco Systems, Inc. IP Phone CP-7911G"/>
		 </tests>
	 </fingerprint>
	 <fingerprint os="Cisco 7912 IP Phone" os_class="IPPhone" os_url="http://www.cisco.com" comments="" author="xnih@cableone.net" lastmodified="March 6, 2007">
		 <tests>
			 <test weight="5" matchtype="exact" dhcpttl="250" dhcptype="Discover" dhcpoptions="53,61,60,43,12,50,54,55"/>
			 <test weight="5" matchtype="exact" dhcpttl="250" dhcptype="Discover" dhcpoption55="1,3,6,15,42,66,150"/>
			 <test weight="5" matchtype="exact" dhcpttl="250" dhcptype="Discover" dhcpvendorcode="Cisco Systems, Inc. IP Phone 7912"/>
			 <test weight="5" matchtype="exact" dhcpttl="250" dhcptype="Request" dhcpoptions="53,61,60,43,12,55"/>
			 <test weight="5" matchtype="exact" dhcpttl="250" dhcptype="Request" dhcpoptions="53,61,60,43,12,50,55"/>
			 <test weight="5" matchtype="exact" dhcpttl="250" dhcptype="Request" dhcpoptions="53,61,60,43,12,50,54,55"/>
			 <test weight="5" matchtype="exact" dhcpttl="250" dhcptype="Request" dhcpoption55="1,3,6,15,42,66,51,150"/>
			 <test weight="5" matchtype="exact" dhcpttl="250" dhcptype="Request" dhcpoption55="1,3,6,15,42,66,150"/>
			 <test weight="5" matchtype="exact" dhcpttl="250" dhcptype="Request" dhcpvendorcode="Cisco Systems, Inc. IP Phone 7912"/>
		 </tests>
	 </fingerprint>
	 <fingerprint os="Cisco 7935 IP Phone" os_class="IPPhone" os_url="http://www.cisco.com" comments="" author="xnih@cableone.net" lastmodified="November 6, 2008">
		 <tests>
			 <test weight="5" matchtype="exact" dhcpttl="32" dhcptype="Request" dhcpoptions="53,50,54,57,55,12,60,61"/>
			 <test weight="5" matchtype="exact" dhcpttl="32" dhcptype="Request" dhcpoption55="1,28,66,6,15,3,35,150"/>
			 <test weight="5" matchtype="exact" dhcpttl="32" dhcptype="Request" dhcpvendorcode="Cisco Systems, Inc. IP Phone CP-7935"/>
		 </tests>
	 </fingerprint>
	 <fingerprint os="Cisco 7940/60 IP Phone" os_class="IPPhone" os_url="http://www.cisco.com" comments="" author="xnih@cableone.net" lastmodified="September 7, 2006">
		 <tests>
			 <test weight="5" matchtype="exact" dhcpttl="64" dhcptype="Discover" dhcpoptions="53,61,12,60,55"/>
			 <test weight="5" matchtype="exact" dhcpttl="64" dhcptype="Discover" dhcpoptions="53,61,60,12,55"/>
			 <test weight="5" matchtype="exact" dhcpttl="64" dhcptype="Discover" dhcpoption55="1,66,6,3,15,150,35"/>
			 <test weight="5" matchtype="exact" dhcpttl="64" dhcptype="Discover" dhcpoption55="1,66,6,3,15,150,35,151"/>
			 <test weight="5" matchtype="exact" dhcpttl="64" dhcptype="Discover" dhcpvendorcode="Cisco Systems, Inc. IP Phone CP-7960G"/>
			 <test weight="5" matchtype="exact" dhcpttl="64" dhcptype="Discover" dhcpvendorcode="Cisco Systems, Inc. IP Phone CP-7960"/>
			 <test weight="5" matchtype="exact" dhcpttl="64" dhcptype="Request" dhcpoptions="53,61,60,12,50,55"/>
			 <test weight="5" matchtype="exact" dhcpttl="64" dhcptype="Request" dhcpoptions="53,54,61,12,60,50,55"/>
			 <test weight="5" matchtype="exact" dhcpttl="64" dhcptype="Request" dhcpoptions="53,54,61,60,12,50,55"/>
			 <test weight="5" matchtype="exact" dhcpttl="64" dhcptype="Request" dhcpoptions="53,61,12,60,50,55"/>
			 <test weight="5" matchtype="exact" dhcpttl="64" dhcptype="Request" dhcpoptions="53,61,12,60,55"/>
			 <test weight="5" matchtype="exact" dhcpttl="64" dhcptype="Request" dhcpoption55="1,66,6,3,15,150,35"/>
			 <test weight="5" matchtype="exact" dhcpttl="64" dhcptype="Request" dhcpoption55="1,66,6,3,15,150,35,151"/>
			 <test weight="5" matchtype="exact" dhcpttl="64" dhcptype="Request" dhcpvendorcode="Cisco Systems, Inc. IP Phone CP-7960G"/>
			 <test weight="5" matchtype="exact" dhcpttl="64" dhcptype="Request" dhcpvendorcode="Cisco Systems, Inc. IP Phone CP-7960"/>
		 </tests>
	 </fingerprint>
	 <fingerprint os="Cisco 7961G IP Phone" os_class="IPPhone" os_url="http://www.cisco.com" comments="" author="xnih@cableone.net" lastmodified="March 6, 2007">
		 <tests>
			 <test weight="5" matchtype="exact" dhcpttl="64" dhcptype="Request" dhcpoptions="53,61,12,60,50,55"/>
			 <test weight="5" matchtype="exact" dhcpttl="64" dhcptype="Request" dhcpoption55="1,66,6,3,15,150,35"/>
			 <test weight="10" matchtype="exact" dhcpttl="64" dhcptype="Request" dhcpvendorcode="Cisco Systems, Inc. IP Phone CP-7961G"/>
		 </tests>
	 </fingerprint>
	 <fingerprint os="Polycom Video Phone (VSX 3000A)" os_class="Video Phone" os_url="http://www.polycom.com" comments="" author="xnih@cableone.net" lastmodified="March 8, 2007">
		 <tests>
			 <test weight="5" matchtype="exact" dhcpttl="128" dhcptype="Request" dhcpoptions="53,1,3,6,51,55,61"/>
			 <test weight="5" matchtype="exact" dhcpttl="128" dhcptype="Request" dhcpoption55="1,3,6,15,12,44"/>
		 </tests>
	 </fingerprint>
         <fingerprint os="Netgear WGR614v6 WAP" os_class="netgear" os_url="" comments="" author="xnih@cableone.net" lastmodified="July 29, 2006">
		 <tests>
			 <test weight="7" matchtype="exact" dhcpoptions="53,54,1,58,59,51,3,6"/>
		 </tests>
	 </fingerprint>
	 <fingerprint os="Cisco Wireless Access Point" os_class="CiscoAP" os_url="www.cisco.com" comments="packetfence project" author="xnih@cableone.net" lastmodified="August 3, 2006">
		 <tests>
			 <test weight="5" matchtype="exact" dhcpoption55="1,28,3,6,15,67,4,7"/>
			 <test weight="5" matchtype="exact" dhcpoption55="1,6,15,44,3,33,150,43"/>
			 <test weight="5" matchtype="exact" dhcpoption55="1,66,6,15,44,3,67,33,150,43"/>
			 <test weight="5" matchtype="exact" dhcpoption55="1,66,6,15,44,3,67,12,33,150,43"/>
		 </tests>
	 </fingerprint>
	 <fingerprint os="Cisco Aironet 1100" os_class="CiscoAP" os_url="www.cisco.com" comments="via cisco website" author="xnih@cableone.net" lastmodified="September 1, 2006">
		 <tests>
			 <test weight="5" matchtype="exact" dhcptype="Discover" dhcpvendorcode="Cisco AP c1100"/>
			 <test weight="5" matchtype="exact" dhcptype="Request" dhcpvendorcode="Cisco AP c1100"/>
		 </tests>
	 </fingerprint>
	 <fingerprint os="Cisco Aironet 1130" os_class="CiscoAP" os_url="www.cisco.com" comments="via cisco website" author="xnih@cableone.net" lastmodified="September 1, 2006">
		 <tests>
			 <test weight="5" matchtype="exact" dhcptype="Discover" dhcpvendorcode="Cisco AP c1130"/>
			 <test weight="5" matchtype="exact" dhcptype="Request" dhcpvendorcode="Cisco AP c1130"/>
		 </tests>
	 </fingerprint>
	 <fingerprint os="Cisco Aironet 1200" os_class="CiscoAP" os_url="www.cisco.com" comments="via cisco website" author="xnih@cableone.net" lastmodified="September 1, 2006">
		 <tests>
			 <test weight="5" matchtype="exact" dhcptype="Discover" dhcpvendorcode="Cisco AP c1200"/>
			 <test weight="5" matchtype="exact" dhcptype="Request" dhcpvendorcode="Cisco AP c1200"/>
		 </tests>
	 </fingerprint>
	 <fingerprint os="Cisco Aironet 1240" os_class="CiscoAP" os_url="www.cisco.com" comments="via cisco website" author="xnih@cableone.net" lastmodified="September 1, 2006">
		 <tests>
			 <test weight="5" matchtype="exact" dhcptype="Discover" dhcpoptions="53,57,61,55,60"/>
			 <test weight="5" matchtype="exact" dhcptype="Discover" dhcpoptions="53,57,61,12,55,60"/>
			 <test weight="5" matchtype="exact" dhcptype="Discover" dhcpoption55="1,6,15,44,3,33,150,43"/>
			 <test weight="5" matchtype="exact" dhcptype="Discover" dhcpoption55="1,66,6,3,67,150,43"/>
			 <test weight="5" matchtype="exact" dhcptype="Discover" dhcpvendorcode="Cisco AP c1240"/>
			 <test weight="5" matchtype="exact" dhcptype="Request" dhcpoptions="53,57,61,54,50,51,12,55,60"/>
			 <test weight="5" matchtype="exact" dhcptype="Request" dhcpoptions="53,57,61,54,50,51,55,60"/>
			 <test weight="5" matchtype="exact" dhcptype="Request" dhcpoption55="1,6,15,44,3,33,150,43"/>
			 <test weight="5" matchtype="exact" dhcptype="Request" dhcpoption55="1,66,6,3,67,150,43"/>
			 <test weight="5" matchtype="exact" dhcptype="Request" dhcpvendorcode="Cisco AP c1240"/>
		 </tests>
	 </fingerprint>
	 <fingerprint os="Cisco Aironet 1300" os_class="CiscoAP" os_url="www.cisco.com" comments="via cisco website" author="xnih@cableone.net" lastmodified="September 1, 2006">
		 <tests>
			 <test weight="5" matchtype="exact" dhcptype="Discover" dhcpvendorcode="Cisco AP c1300"/>
			 <test weight="5" matchtype="exact" dhcptype="Request" dhcpvendorcode="Cisco AP c1300"/>
		 </tests>
	 </fingerprint>
	 <fingerprint os="Cisco Aironet 1500" os_class="CiscoAP" os_url="www.cisco.com" comments="via cisco website" author="xnih@cableone.net" lastmodified="September 1, 2006">
		 <tests>
			 <test weight="5" matchtype="exact" dhcptype="Discover" dhcpvendorcode="Cisco AP.LAP151"/>
			 <test weight="5" matchtype="exact" dhcptype="Request" dhcpvendorcode="Cisco AP.LAP151"/>
		 </tests>
	 </fingerprint>
	 <fingerprint os="Cisco Aironet 4800" os_class="CiscoAP" os_url="www.cisco.com" comments="" author="xnih@cableone.net" lastmodified="September 22, 2008">
		 <tests>
			 <test weight="5" matchtype="exact" dhcptype="Discover" dhcpoptions="53,12,60,55,61"/>
			 <test weight="5" matchtype="exact" dhcptype="Discover" dhcpoptions="53,60,61,50,57,55"/>
			 <test weight="5" matchtype="exact" dhcptype="Discover" dhcpoptions="53,60,61,50,57,12,55"/>
			 <test weight="5" matchtype="exact" dhcptype="Discover" dhcpoptions="53,60,61,57,55"/>
			 <test weight="5" matchtype="exact" dhcptype="Discover" dhcpoption55="1,3,6,15"/>
			 <test weight="5" matchtype="exact" dhcptype="Discover" dhcpoption55="1,28,3,6,15,67,4"/>
			 <test weight="5" matchtype="exact" dhcptype="Discover" dhcpoption55="1,28,3,6,15,67,4,7"/>
			 <test weight="5" matchtype="exact" dhcptype="Discover" dhcpvendorcode="AP4800E"/>
			 <test weight="5" matchtype="exact" dhcptype="Request" dhcpoptions="53,60,61,50,54,57,12,55"/>
			 <test weight="5" matchtype="exact" dhcptype="Request" dhcpoptions="53,60,61,57,12,55"/>
			 <test weight="5" matchtype="exact" dhcptype="Request" dhcpoption55="1,28,3,6,15,67,4,7"/>
			 <test weight="5" matchtype="exact" dhcptype="Request" dhcpvendorcode="AP4800E"/>
		 </tests>
	 </fingerprint>
	 <fingerprint os="Compex Wireless Access Point" os_class="Compex" os_url="" comments="packetfence project" author="xnih@cableone.net" lastmodified="August 3, 2006">
		 <tests>
			 <test weight="5" matchtype="exact" dhcpoption55="1,3,15,6,43,77"/>
		 </tests>
	 </fingerprint>
	 <fingerprint os="OEMed Wireless Router" os_class="WAP" os_url="" comments="packetfence project" author="xnih@cableone.net" lastmodified="August 3, 2006">
		 <tests>
			 <test weight="5" matchtype="exact" dhcpoption55="1,3,6,15"/>
		 </tests>
	 </fingerprint>
	 <fingerprint os="Apple Airport" os_class="WAP" os_url="" comments="packetfence project" author="xnih@cableone.net" lastmodified="August 3, 2006">
		 <tests>
			 <test weight="5" matchtype="exact" dhcpoption55="28,3,6,15"/>
			 <test weight="5" matchtype="exact" dhcpoption55="1,28,3,6,15"/>
		 </tests>
	 </fingerprint>
	 <fingerprint os="Symbol Wireless Access Point" os_class="WAP" os_url="" comments="packetfence project" author="xnih@cableone.net" lastmodified="August 3, 2006">
		 <tests>
			 <test weight="5" matchtype="exact" dhcpoption55="1,3,6,12,15,43,66,67,128,129,130,131,132,133,134,135"/>
		 </tests>
	 </fingerprint>
	 <fingerprint os="EndRun Technologies NTP server" os_class="NTP" os_url="" comments="paper and packetfence project" author="xnih@cableone.net" lastmodified="August 3, 2006">
		 <tests>
			 <test weight="5" matchtype="exact" dhcpoption55="1,3,6,12,15,23,28,29,31,33,40,41,42"/>
		 </tests>
	 </fingerprint>
	 <fingerprint os="XBox" os_class="Game Console" os_url="" comments="packetfence project" author="xnih@cableone.net" lastmodified="August 3, 2006">
		 <tests>
			 <test weight="5" matchtype="exact" dhcpoption55="3,6"/>
		 </tests>
	 </fingerprint>
	 <fingerprint os="XBox 360" os_class="Game Console" os_url="" comments="" author="xnih@cableone.net" lastmodified="March 6, 2007">
		 <tests>
			 <test weight="5" matchtype="exact" dhcpttl="128" dhcptype="Discover" dhcpoptions="53,61,12,55"/>
			 <test weight="5" matchtype="exact" dhcpttl="128" dhcptype="Discover" dhcpoptions="53,61,12,55,50"/>
			 <test weight="5" matchtype="exact" dhcpttl="128" dhcptype="Discover" dhcpoptions="53,61,60,55"/>
			 <test weight="5" matchtype="exact" dhcpttl="128" dhcptype="Discover" dhcpoption55="1,3,6"/>
			 <test weight="5" matchtype="exact" dhcpttl="128" dhcptype="Discover" dhcpvendorcode="Xbox 360"/>
			 <test weight="5" matchtype="exact" dhcpttl="128" dhcptype="Discover" dhcpvendorcode="XBOX 1.0"/>
			 <test weight="5" matchtype="exact" dhcpttl="128" dhcptype="Request" dhcpoptions="53,61,12,55,50,54"/>
			 <test weight="5" matchtype="exact" dhcpttl="128" dhcptype="Request" dhcpoptions="53,61,60,55,50,54"/>
			 <test weight="5" matchtype="exact" dhcpttl="128" dhcptype="Request" dhcpoption55="1,3,6"/>
			 <test weight="5" matchtype="exact" dhcpttl="128" dhcptype="Request" dhcpvendorcode="Xbox 360"/>
			 <test weight="5" matchtype="exact" dhcpttl="128" dhcptype="Request" dhcpvendorcode="XBOX 1.0"/>
		 </tests>
	 </fingerprint>
	 <fingerprint os="PlayStation 2" os_class="Game Console" os_url="" comments="packetfence project" author="xnih@cableone.net" lastmodified="August 3, 2006">
		 <tests>
			 <test weight="5" matchtype="exact" dhcpoption55="3,15,6"/>
		 </tests>
	 </fingerprint>
	 <fingerprint os="Gamecube" os_class="Game Console" os_url="" comments="packetfence project" author="xnih@cableone.net" lastmodified="August 3, 2006">
		 <tests>
			 <test weight="5" matchtype="exact" dhcpoption55="3,6,26,28,58,59"/>
		 </tests>
	 </fingerprint>
	 <fingerprint os="TiVo" os_class="DVR" os_url="" comments="" author="xnih@cableone.net" lastmodified="March 8, 2007">
		 <tests>
			 <test weight="5" matchtype="exact" dhcpttl="64" dhcptype="Request" dhcpoptions="53,12,55,81"/>
			 <test weight="5" matchtype="exact" dhcpttl="64" dhcptype="Request" dhcpoption55="1,28,2,3,15,6,12"/>
		 </tests>
	 </fingerprint>
	 <fingerprint os="Replay TV" os_class="DVR" os_url="" comments="packetfence project" author="xnih@cableone.net" lastmodified="August 3, 2006">
		 <tests>
			 <test weight="5" matchtype="exact" dhcpoption55="1,2,3,4,7,6,15"/>
		 </tests>
	 </fingerprint>
	 <fingerprint os="Amino Aminet Set Top Box 110" os_class="IPTV" os_url="" comments="" author="xnih@cableone.net" lastmodified="September 21, 2006">
		 <tests>
			 <test weight="5" matchtype="exact" dhcpttl="64" dhcptype="Discover" dhcpoptions="53,57,51,55,43,60,61"/>
			 <test weight="7" matchtype="exact" dhcpttl="64" dhcptype="Discover" dhcpoption55="1,2,3,6,12,15,17,23,28,29,31,33,40,41,42,43"/>
			 <test weight="5" matchtype="exact" dhcpttl="64" dhcptype="Discover" dhcpvendorcode="Aminoaminet110fisys"/>
			 <test weight="5" matchtype="exact" dhcpttl="64" dhcptype="Request" dhcpoptions="53,57,50,51,55,43,60,61"/>
			 <test weight="5" matchtype="exact" dhcpttl="64" dhcptype="Request" dhcpoptions="53,57,54,50,51,55,43,60,61"/>
			 <test weight="7" matchtype="exact" dhcpttl="64" dhcptype="Request" dhcpoption55="1,3,6,12,15,17,23,28,29,31,33,40,41,42,43"/>
			 <test weight="7" matchtype="exact" dhcpttl="64" dhcptype="Request" dhcpoption55="1,2,3,6,12,15,17,23,28,29,31,33,40,41,42,43"/>
			 <test weight="5" matchtype="exact" dhcpttl="64" dhcptype="Request" dhcpvendorcode="Aminoaminet110fisys"/>
		 </tests>
	 </fingerprint>
	 <fingerprint os="Amino Aminet Set Top Box 110 - not configured" os_class="IPTV" os_url="" comments="" author="xnih@cableone.net" lastmodified="September 7, 2006">
		 <tests>
			 <test weight="5" matchtype="exact" dhcpttl="64" dhcptype="Discover" dhcpoptions="53,60,43"/>
			 <test weight="5" matchtype="exact" dhcpttl="64" dhcptype="Discover" dhcpvendorcode="aminoAMINET11xmboot1.31"/>
			 <test weight="5" matchtype="exact" dhcpttl="64" dhcptype="Request" dhcpoptions="53,50,54,60"/>
			 <test weight="5" matchtype="exact" dhcpttl="64" dhcptype="Request" dhcpvendorcode="aminoAMINET11xmboot1.31"/>
		 </tests>
	 </fingerprint>
	 <fingerprint os="Hewlett-Packard JetDirect (J311xA/J32xxx)" os_class="Printer" os_url="" comments="J3111a/J3113a;J3258B/J3263A" author="xnih@cableone.net" lastmodified="March 7, 2007">
		 <tests>
			 <test weight="5" matchtype="exact" dhcpttl="60" dhcptype="Discover" dhcpoptions="53,57,50,55,12,60"/>
			 <test weight="5" matchtype="exact" dhcpttl="60" dhcptype="Discover" dhcpoption55="1,3,7,44,51,54,58,59,12,15,144,18"/>
			 <test weight="5" matchtype="exact" dhcpttl="60" dhcptype="Discover" dhcpvendorcode="Hewlett-Packard JetDirect"/>
			 <test weight="5" matchtype="exact" dhcpttl="60" dhcptype="Request" dhcpoptions="53,54,50,55,12,81,60"/>
			 <test weight="5" matchtype="exact" dhcpttl="60" dhcptype="Request" dhcpoptions="53,55,12,81,60"/>
			 <test weight="5" matchtype="exact" dhcpttl="60" dhcptype="Request" dhcpoption55="1,3,7,44,51,54,58,59,12,15,144,18"/>
			 <test weight="5" matchtype="exact" dhcpttl="60" dhcptype="Request" dhcpvendorcode="Hewlett-Packard JetDirect"/>
		 </tests>
	 </fingerprint>
	 <fingerprint os="Hewlett-Packard JetDirect (J4169A/J6035D/J6038A/J6057A/J7934x/J7949E/J7957A-7959A)" os_class="Printer" os_url="" comments="" author="xnih@cableone.net" lastmodified="March 6, 2007">
		 <tests>
			 <test weight="5" matchtype="exact" dhcpttl="32" dhcptype="Discover" dhcpoptions="53,60,51,50,57,55,12"/>
			 <test weight="5" matchtype="exact" dhcpttl="32" dhcptype="Discover" dhcpoption55="1,3,44,6,7,12,15,22,54,58,59,18,144"/>
			 <test weight="5" matchtype="exact" dhcpttl="32" dhcptype="Discover" dhcpvendorcode="Hewlett-Packard JetDirect"/>
			 <test weight="5" matchtype="exact" dhcpttl="32" dhcptype="Request" dhcpoptions="53,60,51,50,54,57,55,12"/>
			 <test weight="5" matchtype="exact" dhcpttl="64" dhcptype="Request" dhcpoptions="53,57,55,12,51,60,81"/>
			 <test weight="5" matchtype="exact" dhcpttl="64" dhcptype="Request" dhcpoption55="1,3,44,6,7,12,15,22,54,58,59,69,18,144"/>
			 <test weight="5" matchtype="exact" dhcpttl="64" dhcptype="Request" dhcpoption57="576"/>
			 <test weight="5" matchtype="exact" dhcpttl="64" dhcptype="Request" dhcpvendorcode="Hewlett-Packard JetDirect"/>
		 </tests>
	 </fingerprint>
	 <fingerprint os="Hewlett-Packard JetDirect (J6035A)" os_class="Printer" os_url="" comments="LaserJet 1200 series MM.22.09" author="xnih@cableone.net" lastmodified="March 7, 2007">
		 <tests>
			 <test weight="5" matchtype="exact" dhcpttl="64" dhcptype="Request" dhcpoptions="53,60,51,57,55,12"/>
			 <test weight="5" matchtype="exact" dhcpttl="64" dhcptype="Request" dhcpoption55="1,3,44,6,7,12,15,22,54,58,59,69,18,144"/>
			 <test weight="5" matchtype="exact" dhcpttl="64" dhcptype="Request" dhcpoption57="576"/>
			 <test weight="5" matchtype="exact" dhcpttl="64" dhcptype="Request" dhcpvendorcode="Hewlett-Packard JetDirect"/>
		 </tests>
	 </fingerprint>
	 <fingerprint os="Hewlett-Packard JetDirect (J7973E)" os_class="Printer" os_url="" comments="Laserjet 3600 J7973E V.30.31" author="xnih@cableone.net" lastmodified="September 7, 2006">
		 <tests>
			 <test weight="5" matchtype="exact" dhcpttl="32" dhcptype="Discover" dhcpoptions="53,57,55,12,51,60"/>
			 <test weight="5" matchtype="exact" dhcpttl="32" dhcptype="Discover" dhcpoption55="1,3,44,6,7,12,15,22,54,58,59,69,18,144"/>
			 <test weight="5" matchtype="exact" dhcpttl="32" dhcptype="Discover" dhcpvendorcode="Hewlett-Packard JetDirect"/>
			 <test weight="5" matchtype="exact" dhcpttl="32" dhcptype="Request" dhcpoptions="53,50,54,57,55,12,51,60,81"/>
			 <test weight="5" matchtype="exact" dhcpttl="32" dhcptype="Request" dhcpoptions="53,54,57,55,12,51,60,81"/>
			 <test weight="5" matchtype="exact" dhcpttl="32" dhcptype="Request" dhcpoption55="1,3,44,6,7,12,15,22,54,58,59,69,18,144"/>
			 <test weight="5" matchtype="exact" dhcpttl="32" dhcptype="Request" dhcpvendorcode="Hewlett-Packard JetDirect"/>
		 </tests>
	 </fingerprint>
         <fingerprint os="Canon Printer" os_class="Printer" os_url="" comments="packetfence project" author="xnih@cableone.net" lastmodified="August 3, 2006">
		 <tests>
			 <test weight="5" matchtype="exact" dhcpoption55="3,6,15,44,47"/>
			 <test weight="5" matchtype="exact" dhcpoption55="1,3,6,15,44,47"/>
		 </tests>
	 </fingerprint>
	 <fingerprint os="Xerox Printer" os_class="Printer" os_url="" comments="packetfence project" author="xnih@cableone.net" lastmodified="August 3, 2006">
		 <tests>
			 <test weight="5" matchtype="exact" dhcpoption55="51,1,3,58,59,12,44,54,6,15,144"/>
			 <test weight="5" matchtype="exact" dhcpoption55="1,28,3,15,6,12,44,78,79"/>
			 <test weight="5" matchtype="exact" dhcpoption55="12"/>
		 </tests>
	 </fingerprint>
	 <fingerprint os="Dell Printer" os_class="Printer" os_url="" comments="packetfence project" author="xnih@cableone.net" lastmodified="August 3, 2006">
		 <tests>
			 <test weight="5" matchtype="exact" dhcpoption55="1,2,3,6,12,15,26,28,88,44,45,46,47,70,69,78,79"/>
		 </tests>
	 </fingerprint>
	 <fingerprint os="Brother Printer" os_class="Printer" os_url="" comments="MFC 7820N" author="xnih@cableone.net" lastmodified="September 6, 2008">
		 <tests>
			 <test weight="5" matchtype="exact" dhcpttl="60" dhcptype="Discover" dhcpoptions="53,57,55,12"/>
			 <test weight="5" matchtype="exact" dhcpttl="60" dhcptype="Discover" dhcpoption55="1,3,6,12,15,28,42,40,44,46"/>
			 <test weight="5" matchtype="exact" dhcpttl="60" dhcptype="Request" dhcpoptions="53,50,57,54,51,55,12"/>
			 <test weight="5" matchtype="exact" dhcpttl="60" dhcptype="Request" dhcpoption55="1,3,6,12,15,28,42,40,44,46"/>
		 </tests>
	 </fingerprint>
	 <fingerprint os="Tally Printer" os_class="Printer" os_url="" comments="packetfence project" author="xnih@cableone.net" lastmodified="August 3, 2006">
		 <tests>
			 <test weight="5" matchtype="exact" dhcpoption55="1,3,6,58,59,44,46,47"/>
		 </tests>
	 </fingerprint>
	 <fingerprint os="Hotway LanDrive" os_class="NAS" os_url="" comments="packetfence project" author="xnih@cableone.net" lastmodified="August 3, 2006">
		 <tests>
			 <test weight="5" matchtype="exact" dhcpoption55="1,3,6,15,28"/>
		 </tests>
	 </fingerprint>
	 <fingerprint os="HP iLo Agent" os_class="HP" os_url="" comments="packetfence project" author="xnih@cableone.net" lastmodified="August 3, 2006">
		 <tests>
			 <test weight="5" matchtype="exact" dhcpoption55="1,3,6,15,28,33,43,44,58,59"/>
		 </tests>
	 </fingerprint>
	 <fingerprint os="Tandberg 1000" os_class="Tandberg" os_url="" comments="packetfence project" author="xnih@cableone.net" lastmodified="August 3, 2006">
		 <tests>
			 <test weight="5" matchtype="exact" dhcpoption55="1,3,6,12,15,120,242"/>
		 </tests>
	 </fingerprint>
	 <fingerprint os="Polycom ViewStation" os_class="" os_url="" comments="packetfence project" author="xnih@cableone.net" lastmodified="August 3, 2006">
		 <tests>
			 <test weight="5" matchtype="exact" dhcpoption55="6,1,3,12,44"/>
		 </tests>
	 </fingerprint>
	 <fingerprint os="Kyocera KM 6030 Network Scanner" os_class="Scanner" os_url="" comments="NS-30 Ver 1.3.00 KM 6030 Ver 2.64.D" author="xnih@cableone.net" lastmodified="September 8, 2006">
		 <tests>
			 <test weight="5" matchtype="exact" dhcptype="Request" dhcpoptions="53,61,12,50,55,51"/>
			 <test weight="5" matchtype="exact" dhcptype="Request" dhcpoption51="30732"/>
			 <test weight="5" matchtype="exact" dhcptype="Request" dhcpoption55="1,3,12,23,6,15,44,47"/>
		 </tests>
	 </fingerprint>
	 <fingerprint os="Novell Netware Client" os_class="Software" os_url="http://www.novell.com" comments="" author="xnih@cableone.net" lastmodified="September 7, 2006">
		 <tests>
			 <test weight="5" matchtype="exact" dhcpttl="128" dhcptype="Inform" dhcpoptions="53,55,61"/>
			 <test weight="5" matchtype="exact" dhcpttl="128" dhcptype="Inform" dhcpoption55="78,79,85"/>
			 <test weight="5" matchtype="exact" dhcpttl="128" dhcptype="Inform" dhcpoption55="85,86,87"/>
			 <test weight="5" matchtype="exact" dhcpttl="128" dhcptype="Inform" dhcpoption55="100"/>
			 <test weight="5" matchtype="exact" dhcpttl="128" dhcptype="Inform" dhcpoption55="85"/>
			 <test weight="5" matchtype="exact" dhcpttl="128" dhcptype="Inform" dhcpoption55="85,86"/>
			 <test weight="5" matchtype="exact" dhcpttl="128" dhcptype="Inform" dhcpoption55="78,79"/>
			 <test weight="5" matchtype="exact" dhcpttl="128" dhcptype="Inform" dhcpoption55="79,78"/>
		 </tests>
	 </fingerprint>
	 <fingerprint os="Adobe Flash Player" os_class="Software" os_url="http://www.adobe.com" comments="" author="xnih@cableone.net" lastmodified="October 28, 2007">
		 <tests>
			 <test weight="5" matchtype="exact" dhcptype="Inform" dhcpoptions="43,53,55,60"/>
			 <test weight="5" matchtype="exact" dhcptype="Inform" dhcpoption55="43"/>
			 <test weight="5" matchtype="exact" dhcptype="Inform" dhcpvendorcode="Adobe Flash Proxy Auto-Discovery"/>
		 </tests>
	 </fingerprint>
	 <fingerprint os="UMA Nokia" os_class="PDA" os_url="" comments="" author="xnih@cableone.net" lastmodified="October 28, 2007">
		 <tests>
			 <test weight="5" matchtype="exact" dhcpttl="254" dhcptype="Discover" dhcpoptions="53,55,43,60,125"/>
			 <test weight="5" matchtype="exact" dhcpttl="254" dhcptype="Discover" dhcpoption55="1,3,6,28"/>
			 <test weight="5" matchtype="exact" dhcpttl="254" dhcptype="Discover" dhcpvendorcode="FSVDSL.UMA.Nokia.6086"/>
			 <test weight="5" matchtype="exact" dhcpttl="254" dhcptype="Request" dhcpoptions="53,50,54,55,43,60,125"/>
			 <test weight="5" matchtype="exact" dhcpttl="254" dhcptype="Request" dhcpoption55="1,3,6,28"/>
			 <test weight="5" matchtype="exact" dhcpttl="254" dhcptype="Request" dhcpvendorcode="FSVDSL.UMA.Nokia.6086"/>
		 </tests>
	 </fingerprint>
	 <fingerprint os="Blackberry" os_class="PDA" os_url="" comments="" author="xnih@cableone.net" lastmodified="October 28, 2007">
		 <tests>
			 <test weight="5" matchtype="exact" dhcpttl="128" dhcptype="Discover" dhcpoptions="53,12,60,61,55"/>
			 <test weight="5" matchtype="exact" dhcpttl="128" dhcptype="Discover" dhcpoption55="1,3,6,15"/>
			 <test weight="5" matchtype="exact" dhcpttl="128" dhcptype="Discover" dhcpvendorcode="BlackBerry"/>
			 <test weight="5" matchtype="exact" dhcpttl="128" dhcptype="Request" dhcpoptions="53,54,50,12,60,61,55"/>
			 <test weight="5" matchtype="exact" dhcpttl="128" dhcptype="Request" dhcpoption55="1,3,6,15"/>
			 <test weight="5" matchtype="exact" dhcpttl="128" dhcptype="Request" dhcpvendorcode="BlackBerry"/>
			 <test weight="5" matchtype="exact" dhcpoption55="56,6,1,3,15"/>
		 </tests>
	 </fingerprint>
	 <fingerprint os="Microsoft Pocket PC" os_class="PDA" os_url="www.microsoft.com" comments="" author="xnih@cableone.net" lastmodified="September 7, 2006">
		 <tests>
			 <test weight="5" matchtype="exact" dhcpttl="128" dhcptype="Discover" dhcpoptions="53,61,55,60"/>
			 <test weight="5" matchtype="exact" dhcpttl="128" dhcptype="Discover" dhcpoptions="53,61,12,55,60"/>
			 <test weight="5" matchtype="exact" dhcpttl="128" dhcptype="Discover" dhcpoption55="1,3,6,15,44,46,47"/>
			 <test weight="5" matchtype="exact" dhcpttl="128" dhcptype="Discover" dhcpvendorcode="Microsoft Windows CE"/>
			 <test weight="5" matchtype="exact" dhcpttl="128" dhcptype="Request" dhcpoptions="53,61,55,60"/>
			 <test weight="5" matchtype="exact" dhcpttl="128" dhcptype="Request" dhcpoptions="53,50,61,55,60"/>
			 <test weight="5" matchtype="exact" dhcpttl="128" dhcptype="Request" dhcpoptions="53,50,61,12,55,60"/>
			 <test weight="5" matchtype="exact" dhcpttl="128" dhcptype="Request" dhcpoptions="53,54,50,61,12,55,60"/>
			 <test weight="5" matchtype="exact" dhcpttl="128" dhcptype="Request" dhcpoptions="53,54,50,61,55,60"/>
			 <test weight="5" matchtype="exact" dhcpttl="128" dhcptype="Request" dhcpoptions="53,61,12,55,60"/>
			 <test weight="5" matchtype="exact" dhcpttl="128" dhcptype="Request" dhcpoption55="1,3,6,15,44,46,47"/>
			 <test weight="5" matchtype="exact" dhcpttl="128" dhcptype="Request" dhcpvendorcode="Microsoft Windows CE"/>
		 </tests>
	 </fingerprint>
      </fingerprints>
</DHCP>
